fecha_captura,fecha_datos,distrito_id,distrito_codigo,distrito_nombre,producto_general,litros_programados,litros_despachados,litros_pendientes_confirmacion
2026-10-01 00:24:20,2026-09-30,11,AMZ,Amazonico,Diesel,86000.0,35000.0,32720.0
2026-10-01 00:24:20,2026-09-30,11,AMZ,Amazonico,Gasolina,90000.0,30000.0,32720.0
2026-10-01 00:24:20,2026-09-30,17,BER,Bermejo,Diesel,30000.0,21000.0,0.0
2026-10-01 00:24:20,2026-09-30,17,BER,Bermejo,Gasolina,12000.0,8000.0,0.0
2026-10-01 00:24:20,2026-09-30,20,CHU,Chuquisaca,Diesel,229000.0,155000.0,0.0
2026-10-01 00:24:20,2026-09-30,20,CHU,Chuquisaca,Gasolina,242000.0,218000.0,0.0
2026-10-01 00:24:20,2026-09-30,10,COB,Cobija,Diesel,10000.0,0.0,0.0
2026-10-01 00:24:20,2026-09-30,10,COB,Cobija,Gasolina,66000.0,24000.0,0.0
2026-10-01 00:24:20,2026-09-30,19,CEN,Cochabamba,Diesel,976000.0,466000.0,70500.0
2026-10-01 00:24:20,2026-09-30,19,CEN,Cochabamba,Gasolina,1040000.0,360000.0,70500.0
2026-10-01 00:24:20,2026-09-30,5,LPZ,Distrito Comercial La Paz,Diesel,1727752.0,816052.0,73000.0
2026-10-01 00:24:20,2026-09-30,5,LPZ,Distrito Comercial La Paz,Gasolina,2079000.0,897500.0,73000.0
2026-10-01 00:24:20,2026-09-30,12,GUA,Guayaramerin,Diesel,25000.0,25000.0,9000.0
2026-10-01 00:24:20,2026-09-30,12,GUA,Guayaramerin,Gasolina,24000.0,16000.0,9000.0
2026-10-01 00:24:20,2026-09-30,25,MON,Monteagudo,Diesel,26000.0,0.0,13000.0
2026-10-01 00:24:20,2026-09-30,25,MON,Monteagudo,Gasolina,28000.0,0.0,13000.0
2026-10-01 00:24:20,2026-09-30,9,ORU,Oruro,Diesel,536500.0,349000.0,171500.0
2026-10-01 00:24:20,2026-09-30,9,ORU,Oruro,Gasolina,194000.0,6000.0,171500.0
2026-10-01 00:24:20,2026-09-30,22,POT,Potosi,Diesel,262000.0,180000.0,73000.0
2026-10-01 00:24:20,2026-09-30,22,POT,Potosi,Gasolina,112000.0,66000.0,73000.0
2026-10-01 00:24:20,2026-09-30,26,PVR,Puerto Villarroel,Diesel,85500.0,72000.0,24000.0
2026-10-01 00:24:20,2026-09-30,26,PVR,Puerto Villarroel,Gasolina,190500.0,174000.0,24000.0
2026-10-01 00:24:20,2026-09-30,4,SCZ,Santa Cruz,Diesel,3122100.0,1512500.0,403900.0
2026-10-01 00:24:20,2026-09-30,4,SCZ,Santa Cruz,Gasolina,3775000.0,2928700.0,403900.0
2026-10-01 00:24:20,2026-09-30,14,TAR,Tarija,Diesel,166000.0,80000.0,70000.0
2026-10-01 00:24:20,2026-09-30,14,TAR,Tarija,Gasolina,171000.0,111000.0,70000.0
2026-10-01 00:24:20,2026-09-30,13,TRI,Trinidad,Diesel,100500.0,0.0,16500.0
2026-10-01 00:24:20,2026-09-30,13,TRI,Trinidad,Gasolina,156500.0,24000.0,16500.0
2026-10-01 00:24:20,2026-09-30,24,TUP,Tupiza,Diesel,80000.0,70000.0,18500.0
2026-10-01 00:24:20,2026-09-30,24,TUP,Tupiza,Gasolina,25000.0,18000.0,18500.0
2026-10-01 00:24:20,2026-09-30,23,UYU,Uyuni,Diesel,133000.0,65000.0,17000.0
2026-10-01 00:24:20,2026-09-30,23,UYU,Uyuni,Gasolina,106000.0,55000.0,17000.0
2026-10-01 00:24:20,2026-09-30,18,VLM,Villamontes,Diesel,49000.0,32000.0,25000.0
2026-10-01 00:24:20,2026-09-30,18,VLM,Villamontes,Gasolina,25000.0,19000.0,25000.0
2026-10-01 00:24:20,2026-09-30,16,VLZ,Villazon,Diesel,55001.0,43000.0,0.0
2026-10-01 00:24:20,2026-09-30,16,VLZ,Villazon,Gasolina,0.0,0.0,0.0
2026-10-01 00:24:20,2026-09-30,15,YAC,Yacuiba,Diesel,96500.0,75000.0,21500.0
2026-10-01 00:24:20,2026-09-30,15,YAC,Yacuiba,Gasolina,25000.0,16000.0,21500.0
2026-10-01 00:24:20,2026-09-30,7,CAM,Zona Comercial Camiri,Diesel,42000.0,5000.0,0.0
2026-10-01 00:24:20,2026-09-30,7,CAM,Zona Comercial Camiri,Gasolina,33000.0,8000.0,0.0
2026-10-01 00:24:20,2026-09-30,8,SJC,Zona Comercial San Jose de Chiquitos,Diesel,200000.0,50000.0,50000.0
2026-10-01 00:24:20,2026-09-30,8,SJC,Zona Comercial San Jose de Chiquitos,Gasolina,0.0,34998.0,50000.0
2026-10-01 20:54:24,2026-10-01,11,AMZ,Amazonico,Diesel,79000.0,28000.0,0.0
2026-10-01 20:54:24,2026-10-01,11,AMZ,Amazonico,Gasolina,86000.0,29000.0,0.0
2026-10-01 20:54:24,2026-10-01,17,BER,Bermejo,Diesel,21000.0,12000.0,0.0
2026-10-01 20:54:24,2026-10-01,17,BER,Bermejo,Gasolina,12000.0,8000.0,0.0
2026-10-01 20:54:24,2026-10-01,20,CHU,Chuquisaca,Diesel,201000.0,119000.0,0.0
2026-10-01 20:54:24,2026-10-01,20,CHU,Chuquisaca,Gasolina,218000.0,194000.0,0.0
2026-10-01 20:54:24,2026-10-01,10,COB,Cobija,Diesel,10000.0,0.0,28000.0
2026-10-01 20:54:24,2026-10-01,10,COB,Cobija,Gasolina,92000.0,28000.0,28000.0
2026-10-01 20:54:24,2026-10-01,19,CEN,Cochabamba,Diesel,987000.0,107000.0,128500.0
2026-10-01 20:54:24,2026-10-01,19,CEN,Cochabamba,Gasolina,953000.0,152000.0,128500.0
2026-10-01 20:54:24,2026-10-01,5,LPZ,Distrito Comercial La Paz,Diesel,1746100.0,589900.0,225100.0
2026-10-01 20:54:24,2026-10-01,5,LPZ,Distrito Comercial La Paz,Gasolina,2056500.0,635500.0,225100.0
2026-10-01 20:54:24,2026-10-01,12,GUA,Guayaramerin,Diesel,25000.0,23000.0,1000.0
2026-10-01 20:54:24,2026-10-01,12,GUA,Guayaramerin,Gasolina,24000.0,16000.0,1000.0
2026-10-01 20:54:24,2026-10-01,25,MON,Monteagudo,Diesel,10000.0,0.0,14000.0
2026-10-01 20:54:24,2026-10-01,25,MON,Monteagudo,Gasolina,44000.0,0.0,14000.0
2026-10-01 20:54:24,2026-10-01,9,ORU,Oruro,Diesel,527000.0,260000.0,73000.0
2026-10-01 20:54:24,2026-10-01,9,ORU,Oruro,Gasolina,781500.0,155000.0,73000.0
2026-10-01 20:54:24,2026-10-01,22,POT,Potosi,Diesel,205000.0,120000.0,70000.0
2026-10-01 20:54:24,2026-10-01,22,POT,Potosi,Gasolina,230000.0,0.0,70000.0
2026-10-01 20:54:24,2026-10-01,26,PVR,Puerto Villarroel,Diesel,96000.0,21000.0,0.0
2026-10-01 20:54:24,2026-10-01,26,PVR,Puerto Villarroel,Gasolina,159000.0,48000.0,0.0
2026-10-01 20:54:24,2026-10-01,4,SCZ,Santa Cruz,Diesel,2986500.0,1378600.0,230800.0
2026-10-01 20:54:24,2026-10-01,4,SCZ,Santa Cruz,Gasolina,2951000.0,2068900.0,230800.0
2026-10-01 20:54:24,2026-10-01,14,TAR,Tarija,Diesel,151000.0,99000.0,0.0
2026-10-01 20:54:24,2026-10-01,14,TAR,Tarija,Gasolina,175000.0,131000.0,0.0
2026-10-01 20:54:24,2026-10-01,13,TRI,Trinidad,Diesel,87500.0,0.0,0.0
2026-10-01 20:54:24,2026-10-01,13,TRI,Trinidad,Gasolina,96500.0,0.0,0.0
2026-10-01 20:54:24,2026-10-01,24,TUP,Tupiza,Diesel,80000.0,60000.0,21500.0
2026-10-01 20:54:24,2026-10-01,24,TUP,Tupiza,Gasolina,35000.0,25000.0,21500.0
2026-10-01 20:54:24,2026-10-01,23,UYU,Uyuni,Diesel,95000.0,30000.0,49900.0
2026-10-01 20:54:24,2026-10-01,23,UYU,Uyuni,Gasolina,105000.0,40000.0,49900.0
2026-10-01 20:54:24,2026-10-01,18,VLM,Villamontes,Diesel,30000.0,30000.0,0.0
2026-10-01 20:54:24,2026-10-01,18,VLM,Villamontes,Gasolina,33500.0,21000.0,0.0
2026-10-01 20:54:24,2026-10-01,16,VLZ,Villazon,Diesel,55000.0,45000.0,0.0
2026-10-01 20:54:24,2026-10-01,16,VLZ,Villazon,Gasolina,24000.0,18000.0,0.0
2026-10-01 20:54:24,2026-10-01,15,YAC,Yacuiba,Diesel,84000.0,65000.0,0.0
2026-10-01 20:54:24,2026-10-01,15,YAC,Yacuiba,Gasolina,34500.0,20500.0,0.0
2026-10-01 20:54:24,2026-10-01,7,CAM,Zona Comercial Camiri,Diesel,42000.0,10000.0,0.0
2026-10-01 20:54:24,2026-10-01,7,CAM,Zona Comercial Camiri,Gasolina,44000.0,20000.0,0.0
2026-10-01 20:54:24,2026-10-01,6,PSZ,Zona Comercial Puerto Suarez,Diesel,0.0,0.0,24000.0
2026-10-01 20:54:24,2026-10-01,6,PSZ,Zona Comercial Puerto Suarez,Gasolina,69000.0,0.0,24000.0
2026-10-01 20:54:24,2026-10-01,8,SJC,Zona Comercial San Jose de Chiquitos,Diesel,150000.0,80000.0,1710.0
2026-10-01 20:54:24,2026-10-01,8,SJC,Zona Comercial San Jose de Chiquitos,Gasolina,0.0,0.0,1710.0
2026-10-02 09:58:23,2026-10-02,11,AMZ,Amazonico,Diesel,79000.0,0.0,21000.0
2026-10-02 09:58:23,2026-10-02,11,AMZ,Amazonico,Gasolina,86000.0,0.0,21000.0
2026-10-02 09:58:23,2026-10-02,17,BER,Bermejo,Diesel,0.0,0.0,4000.0
2026-10-02 09:58:23,2026-10-02,17,BER,Bermejo,Gasolina,12000.0,0.0,4000.0
2026-10-02 09:58:23,2026-10-02,20,CHU,Chuquisaca,Diesel,276800.0,0.0,26800.0
2026-10-02 09:58:23,2026-10-02,20,CHU,Chuquisaca,Gasolina,297700.0,0.0,26800.0
2026-10-02 09:58:23,2026-10-02,10,COB,Cobija,Diesel,10000.0,0.0,3000.0
2026-10-02 09:58:23,2026-10-02,10,COB,Cobija,Gasolina,66000.0,0.0,3000.0
2026-10-02 09:58:23,2026-10-02,19,CEN,Cochabamba,Diesel,983000.0,46000.0,5000.0
2026-10-02 09:58:23,2026-10-02,19,CEN,Cochabamba,Gasolina,963000.0,0.0,5000.0
2026-10-02 09:58:23,2026-10-02,5,LPZ,Distrito Comercial La Paz,Diesel,1526000.0,0.0,86600.0
2026-10-02 09:58:23,2026-10-02,5,LPZ,Distrito Comercial La Paz,Gasolina,2024500.0,0.0,86600.0
2026-10-02 09:58:23,2026-10-02,12,GUA,Guayaramerin,Diesel,25000.0,0.0,9000.0
2026-10-02 09:58:23,2026-10-02,12,GUA,Guayaramerin,Gasolina,30000.0,0.0,9000.0
2026-10-02 09:58:23,2026-10-02,25,MON,Monteagudo,Diesel,19500.0,0.0,14000.0
2026-10-02 09:58:23,2026-10-02,25,MON,Monteagudo,Gasolina,30000.0,0.0,14000.0
2026-10-02 09:58:23,2026-10-02,9,ORU,Oruro,Diesel,44000.0,4000.0,75000.0
2026-10-02 09:58:23,2026-10-02,9,ORU,Oruro,Gasolina,150000.0,172000.0,75000.0
2026-10-02 09:58:23,2026-10-02,22,POT,Potosi,Diesel,100000.0,0.0,45500.0
2026-10-02 09:58:23,2026-10-02,22,POT,Potosi,Gasolina,130000.0,0.0,45500.0
2026-10-02 09:58:23,2026-10-02,26,PVR,Puerto Villarroel,Diesel,16000.0,0.0,3000.0
2026-10-02 09:58:23,2026-10-02,26,PVR,Puerto Villarroel,Gasolina,31000.0,0.0,3000.0
2026-10-02 09:58:23,2026-10-02,4,SCZ,Santa Cruz,Diesel,2878900.0,55000.0,68800.0
2026-10-02 09:58:23,2026-10-02,4,SCZ,Santa Cruz,Gasolina,2790000.0,315000.0,68800.0
2026-10-02 09:58:23,2026-10-02,14,TAR,Tarija,Diesel,173500.0,0.0,20000.0
2026-10-02 09:58:23,2026-10-02,14,TAR,Tarija,Gasolina,140000.0,0.0,20000.0
2026-10-02 09:58:23,2026-10-02,13,TRI,Trinidad,Diesel,92000.0,0.0,27660.0
2026-10-02 09:58:23,2026-10-02,13,TRI,Trinidad,Gasolina,116000.0,0.0,27660.0
2026-10-02 09:58:23,2026-10-02,24,TUP,Tupiza,Diesel,90000.0,0.0,1500.0
2026-10-02 09:58:23,2026-10-02,24,TUP,Tupiza,Gasolina,10000.0,0.0,1500.0
2026-10-02 09:58:23,2026-10-02,23,UYU,Uyuni,Diesel,90000.0,0.0,0.0
2026-10-02 09:58:23,2026-10-02,23,UYU,Uyuni,Gasolina,60000.0,0.0,0.0
2026-10-02 09:58:23,2026-10-02,18,VLM,Villamontes,Diesel,45000.0,0.0,2000.0
2026-10-02 09:58:23,2026-10-02,18,VLM,Villamontes,Gasolina,25000.0,0.0,2000.0
2026-10-02 09:58:23,2026-10-02,16,VLZ,Villazon,Diesel,55000.0,5000.0,11500.0
2026-10-02 09:58:23,2026-10-02,16,VLZ,Villazon,Gasolina,60000.0,16000.0,11500.0
2026-10-02 09:58:23,2026-10-02,15,YAC,Yacuiba,Diesel,84000.0,15000.0,2000.0
2026-10-02 09:58:23,2026-10-02,15,YAC,Yacuiba,Gasolina,57000.0,32000.0,2000.0
2026-10-02 09:58:23,2026-10-02,7,CAM,Zona Comercial Camiri,Diesel,90000.0,0.0,0.0
2026-10-02 09:58:23,2026-10-02,7,CAM,Zona Comercial Camiri,Gasolina,92000.0,0.0,0.0
2026-10-02 09:58:23,2026-10-02,6,PSZ,Zona Comercial Puerto Suarez,Diesel,0.0,0.0,25000.0
2026-10-02 09:58:23,2026-10-02,6,PSZ,Zona Comercial Puerto Suarez,Gasolina,50000.0,0.0,25000.0
2026-10-02 09:58:23,2026-10-02,8,SJC,Zona Comercial San Jose de Chiquitos,Diesel,15000.0,0.0,0.0
2026-10-02 09:58:23,2026-10-02,8,SJC,Zona Comercial San Jose de Chiquitos,Gasolina,30000.0,0.0,0.0
