fecha_actualizacion,id_eess,id_producto_bsa,saldo_octano,saldo_bsa,saldo_planta
2025-04-21 00:20:18,1724,2,3148.01,17472.64,19101.582
2025-04-21 00:20:18,1724,3,0.0,0.0,0.0
2025-04-21 00:20:18,1724,7,4668.113,4310.7,15193.95
2025-04-21 00:20:18,1744,2,80.188,211.867,80.188
2025-04-21 00:20:18,1744,3,0.0,0.0,0.0
2025-04-21 00:20:18,1744,7,-38761.792,1404.529,-25572.44
2025-04-21 00:20:18,1744,10,-1168.6,0.0,-1233.331
2025-04-21 00:20:18,1824,3,-12.26,0.0,-12.26
2025-04-21 00:20:18,1824,7,46713.968,29864.23,56085.36
2025-04-21 00:20:18,1844,3,-95.69,0.0,-95.69
2025-04-21 00:20:18,1844,7,64479.241,685.44,73654.36
2025-04-21 00:20:18,1845,3,-211.65,0.0,-211.65
2025-04-21 00:20:18,1845,7,24899.166,21895.7,38099.36
2025-04-21 00:20:18,1846,3,0.0,0.0,0.0
2025-04-21 00:20:18,1846,7,47666.813,39075.18,42155.103
2025-04-21 00:20:18,1887,2,-30431.013,188.569,-30431.013
2025-04-21 00:20:18,1887,10,89624.638,0.0,67810.45
2025-04-21 00:20:18,1924,2,10227.85,10227.85,10227.85
2025-04-21 00:20:18,1924,10,-5745.8131,0.0,-308.2401
2025-04-21 00:20:18,1926,2,-11790.8673,-11790.8673,-11790.8673
2025-04-21 00:20:18,1926,10,23048.031,23509.6802,23048.031
2025-04-21 00:20:18,1928,2,0.0,0.0,10000.0
2025-04-21 00:20:18,1928,10,21481.847,15369.94,61247.747
2025-04-21 00:20:18,1944,3,-145.49,0.0,-145.49
2025-04-21 00:20:18,1944,7,20682.822,6592.75,34482.28
2025-04-21 00:20:18,1945,2,14244.262,14555.091,14244.262
2025-04-21 00:20:18,1945,3,0.0,0.0,0.0
2025-04-21 00:20:18,1945,7,16275.737,8048.341,43265.045
2025-04-21 00:20:18,1945,10,26648.285,0.0,41082.749
2025-04-21 00:20:18,1964,2,66759.47,10236.72,66759.47
2025-04-21 00:20:18,1964,3,0.0,0.0,0.0
2025-04-21 00:20:18,1964,7,346262.574,16880.9,346262.574
2025-04-21 00:20:18,1964,10,32186.827,400.0,32186.827
2025-04-21 00:20:18,1965,2,6162.8827,6170.4385,6162.8827
2025-04-21 00:20:18,1965,10,-2184.8502,0.0,-1381.6002
2025-04-21 00:20:18,1984,2,10793.82,10729.302,10793.82
2025-04-21 00:20:18,1984,10,-1810.305,0.0,2780.695
2025-04-21 00:20:18,2190,2,-10852.66,13302.4,-10852.66
2025-04-21 00:20:18,2190,3,-173.39,0.0,-168.36
2025-04-21 00:20:18,2190,7,13248.659,13474.92,22052.44
2025-04-21 00:20:18,2190,10,6699.1087,0.0,15440.4297
2025-04-21 00:20:18,2192,2,27272.1434,2268.2076,27272.1434
2025-04-21 00:20:18,2192,10,-6178.6375,0.0,-853.2258
2025-04-21 00:20:18,2204,2,42206.328,44339.212,42206.328
2025-04-21 00:20:18,2204,3,0.0,0.0,0.0
2025-04-21 00:20:18,2204,7,5197.86,16871.407,17076.38
2025-04-21 00:20:18,2204,10,-11276.218,0.0,20363.56
2025-04-21 00:20:18,2207,2,5251.309,6369.025,5251.309
2025-04-21 00:20:18,2207,10,41966.719,0.0,49861.034
2025-04-21 00:20:18,2208,2,11284.1241,12503.406,11284.1241
2025-04-21 00:20:18,2208,3,0.0,0.0,0.0
2025-04-21 00:20:18,2208,7,409600.367,20857.241,426803.3
2025-04-21 00:20:18,2208,10,531145.5738,0.0,498880.6638
2025-04-21 00:20:18,2224,2,61205.442,61205.442,61205.442
2025-04-21 00:20:18,2224,3,0.0,0.0,0.0
2025-04-21 00:20:18,2224,7,35763.199,3413.417,51985.644
2025-04-21 00:20:18,2224,10,-6544.571,0.0,-3192.81
2025-04-21 00:20:18,2225,2,24791.373,24791.437,24791.373
2025-04-21 00:20:18,2225,10,9308.251,0.0,23963.644
2025-04-21 00:20:18,2227,3,0.0,0.0,0.0
2025-04-21 00:20:18,2227,7,74296.7571,13073.8207,97809.8039
2025-04-21 00:20:18,2228,3,0.0,0.0,0.0
2025-04-21 00:20:18,2228,7,109043.11,246.714,110556.631
2025-04-21 00:20:18,2228,8,200.0,200.06,200.0
2025-04-21 00:20:18,2251,3,-7014.9471,14.1683,1698.6237
2025-04-21 00:20:18,2251,7,0.0,0.0,0.0
2025-04-21 00:20:18,2264,2,0.0,0.0,0.0
2025-04-21 00:20:18,2264,3,0.0,0.0,0.0
2025-04-21 00:20:18,2264,7,3506.248,3753.269,3459.98
2025-04-21 00:20:18,2264,10,27.097,407.374,1422.995
2025-04-21 00:20:18,2284,3,-20477.0,0.0,-20477.0
2025-04-21 00:20:18,2284,7,-1685.798,8824.146,-1685.798
2025-04-21 00:20:18,2289,3,0.0,0.0,0.0
2025-04-21 00:20:18,2289,7,26185.5058,14869.1205,-2753.9641
2025-04-21 00:20:18,2291,2,23273.8926,1805.8473,23273.7019
2025-04-21 00:20:18,2291,3,0.0,0.0,0.0
2025-04-21 00:20:18,2291,7,-127.4345,877.2703,-2788.2217
2025-04-21 00:20:18,2292,3,-12233.973,0.0,368.04
2025-04-21 00:20:18,2292,7,4699.732,4740.812,-15574.978
2025-04-21 00:20:18,2295,3,0.0,0.0,0.0
2025-04-21 00:20:18,2295,7,2802.9024,1932.9075,12649.7571
2025-04-21 00:20:18,2297,3,0.0,0.0,0.0
2025-04-21 00:20:18,2297,7,94938.4772,265.55,84510.2562
2025-04-21 00:20:18,2304,3,0.0,0.0,0.0
2025-04-21 00:20:18,2304,7,37388.704,190.6971,37905.2213
2025-04-21 00:20:18,2305,2,17190.1845,4035.7248,13849.4001
2025-04-21 00:20:18,2305,3,0.0,0.0,0.0
2025-04-21 00:20:18,2305,7,1682.5212,3464.656,4936.2632
2025-04-21 00:20:18,2305,8,-43.703,1233.0173,1256.995
2025-04-21 00:20:18,2306,2,-38964.9293,227.5485,-31769.1202
2025-04-21 00:20:18,2306,3,0.0,0.0,0.0
2025-04-21 00:20:18,2306,7,142161.1108,723.06,143113.7499
2025-04-21 00:20:18,2307,2,-68007.7855,375.4445,-33536.9685
2025-04-21 00:20:18,2307,3,0.0,0.0,0.0
2025-04-21 00:20:18,2307,7,122568.2821,532.4855,99548.004
2025-04-21 00:20:18,2308,3,0.0,0.0,0.0
2025-04-21 00:20:18,2308,7,-102763.759,13191.8992,-113255.7046
2025-04-21 00:20:18,2317,2,9939.7197,9253.2349,13882.7572
2025-04-21 00:20:18,2317,3,5153.0,0.0,5153.0
2025-04-21 00:20:18,2317,7,3385.6665,5221.3361,5303.2321
2025-04-21 00:20:18,2326,2,29334.05,29510.05,29334.05
2025-04-21 00:20:18,2326,3,0.0,0.0,0.0
2025-04-21 00:20:18,2326,7,-3408.776,500.604,-293.672
2025-04-21 00:20:18,2326,10,21716.979,0.0,22758.59
2025-04-21 00:20:18,2329,3,-196.543,0.0,-196.543
2025-04-21 00:20:18,2329,7,-33005.1,601.707,5066.554
2025-04-21 00:20:18,2332,2,-72781.974,1000.0,-72781.974
2025-04-21 00:20:18,2332,3,35496.505,0.0,16268.479
2025-04-21 00:20:18,2332,7,-138582.355,2376.848,-183467.626
2025-04-21 00:20:18,2332,10,50542.836,0.0,25230.226
2025-04-21 00:20:18,2333,3,19231.42,904.757,19231.208
2025-04-21 00:20:18,2335,2,2475.86,3340.617,2475.86
2025-04-21 00:20:18,2335,3,0.0,0.0,0.0
2025-04-21 00:20:18,2335,7,12935.736,18281.908,20268.093
2025-04-21 00:20:18,2335,10,-2683.535,0.0,-2994.312
2025-04-21 00:20:18,2338,3,20351.669,5085.423,10378.081
2025-04-21 00:20:18,2339,2,6459.8131,473.6048,9948.1076
2025-04-21 00:20:18,2339,3,0.0,0.0,762.0
2025-04-21 00:20:18,2339,7,20096.2895,4939.1967,26187.8143
2025-04-21 00:20:18,2341,7,2945.1382,332.6852,-5262.8932
2025-04-21 00:20:18,2345,2,74388.761,288.818,105362.41
2025-04-21 00:20:18,2345,3,66159.889,3027.623,95907.153
2025-04-21 00:20:18,2346,2,49222.046,1153.0,54060.84
2025-04-21 00:20:18,2346,3,-3923.145,1331.0,14844.405
2025-04-21 00:20:18,2348,2,6748.5856,134.0,6708.2953
2025-04-21 00:20:18,2348,3,0.0,0.0,9010.0
2025-04-21 00:20:18,2348,7,63539.9178,100.0,55144.439
2025-04-21 00:20:18,2350,3,26413.0329,755.7467,26246.1953
2025-04-21 00:20:18,2350,7,0.0,0.0,0.0
2025-04-21 00:20:18,2353,2,23950.4076,1521.0,49793.9887
2025-04-21 00:20:18,2353,3,0.0,0.0,1999.0
2025-04-21 00:20:18,2353,7,15969.568,1946.2191,18077.6688
2025-04-21 00:20:18,2355,2,684.3372,1237.0,684.3372
2025-04-21 00:20:18,2356,2,61961.7549,40000.0,33703.7812
2025-04-21 00:20:18,2356,3,0.0,0.0,2715.7385
2025-04-21 00:20:18,2356,7,10223.6349,19223.0987,4289.2951
2025-04-21 00:20:18,2357,3,0.0,0.0,1686.0
2025-04-21 00:20:18,2357,7,7604.426,99.44,12765.85
2025-04-21 00:20:18,2359,2,466.818,83.81,466.818
2025-04-21 00:20:18,2359,3,-2087.819,0.0,385.377
2025-04-21 00:20:18,2359,7,4831.464,206.334,7643.424
2025-04-21 00:20:18,2359,10,-19276.015,0.0,-5124.208
2025-04-21 00:20:18,2362,2,-201533.2165,1002.47,-201431.0615
2025-04-21 00:20:18,2362,3,30522.0175,7637.0,30518.3945
2025-04-21 00:20:18,2364,2,-138111.7715,500.1477,-137628.5647
2025-04-21 00:20:18,2364,3,0.0,0.0,858.0
2025-04-21 00:20:18,2364,7,306656.1877,869.0,310101.0954
2025-04-21 00:20:18,2384,2,-1817.885,0.0,-1817.885
2025-04-21 00:20:18,2384,3,-1202.941,0.0,2371.339
2025-04-21 00:20:18,2384,7,28580.481,3197.585,31502.587
2025-04-21 00:20:18,2384,10,13308.81,871.854,14737.448
2025-04-21 00:20:18,2388,3,508.5054,600.0,508.5054
2025-04-21 00:20:18,2388,7,5464.782,878.389,1222.5041
2025-04-21 00:20:18,2390,3,36705.9559,844.4913,41981.4468
2025-04-21 00:20:18,2390,7,0.0,0.0,0.0
2025-04-21 00:20:18,2391,2,-12349.378,364.094,-12349.378
2025-04-21 00:20:18,2391,3,0.0,0.0,0.0
2025-04-21 00:20:18,2391,7,47451.743,29.819,60794.2
2025-04-21 00:20:18,2391,10,45355.121,0.0,67950.121
2025-04-21 00:20:18,2395,3,955.6338,0.0,1206.5101
2025-04-21 00:20:18,2395,7,54649.1166,4890.0,93577.1106
2025-04-21 00:20:18,2405,2,5351.471,5300.0,5351.471
2025-04-21 00:20:18,2405,3,9.914,0.0,9.914
2025-04-21 00:20:18,2405,7,-33925.472,6000.0,9817.379
2025-04-21 00:20:18,2405,10,-415.95,0.0,-415.95
2025-04-21 00:20:18,2408,2,-10950.014,1626.112,3879.165
2025-04-21 00:20:18,2408,3,0.0,0.0,0.0
2025-04-21 00:20:18,2408,7,8379.849,874.976,22493.028
2025-04-21 00:20:18,2411,8,403.6242,373.79,402.6242
2025-04-21 00:20:18,2411,9,0.0,0.0,0.0
2025-04-21 00:20:18,2416,3,0.0,0.0,0.0
2025-04-21 00:20:18,2416,7,7370.766,400.589,7398.77
2025-04-21 00:20:18,2417,2,4022.043,3142.557,15593.239
2025-04-21 00:20:18,2417,3,0.0,0.0,0.0
2025-04-21 00:20:18,2417,7,34797.678,24.662,45378.892
2025-04-21 00:20:18,2425,2,46406.1024,29.5992,46406.1024
2025-04-21 00:20:18,2425,3,16446.3342,90.5881,16446.3342
2025-04-21 00:20:18,2444,2,-577.8646,1770.0,-913.2097
2025-04-21 00:20:18,2444,3,-7908.3292,1804.0012,-6324.0583
2025-04-21 00:20:18,2444,7,-6307.0,0.0,-6307.0
2025-04-21 00:20:18,2446,2,164395.211,8605.762,164395.211
2025-04-21 00:20:18,2446,10,0.0,0.0,0.0
2025-04-21 00:20:18,2448,2,-23851.981,181.55,-23851.981
2025-04-21 00:20:18,2448,3,82.6257,0.0,82.7994
2025-04-21 00:20:18,2448,7,-24143.7281,381.0181,-11808.0465
2025-04-21 00:20:18,2448,10,40626.1766,0.0,36560.7724
2025-04-21 00:20:18,2449,2,23973.0296,23973.0296,23973.0296
2025-04-21 00:20:18,2449,3,0.0,0.0,0.0
2025-04-21 00:20:18,2449,7,705.3951,385.0,705.3951
2025-04-21 00:20:18,2449,10,269.5925,0.0,269.5925
2025-04-21 00:20:18,2450,2,190.966,137.2024,190.966
2025-04-21 00:20:18,2450,3,217.14,0.0,217.14
2025-04-21 00:20:18,2450,7,890.3751,64.2727,889.3751
2025-04-21 00:20:18,2450,10,746.3583,0.0,746.3583
2025-04-21 00:20:18,2453,2,1527.338,1527.506,1527.338
2025-04-21 00:20:18,2453,3,23.782,0.0,23.782
2025-04-21 00:20:18,2453,7,24022.9,24000.0,24022.9
2025-04-21 00:20:18,2453,10,48.781,0.0,48.781
2025-04-21 00:20:18,2454,3,-2278.335,0.0,1110.471
2025-04-21 00:20:18,2454,7,13787.571,2416.843,814.2678
2025-04-21 00:20:18,2454,8,228.0,211.558,228.0
2025-04-21 00:20:18,2455,3,0.0,0.0,0.0
2025-04-21 00:20:18,2455,7,1150.5189,20.3211,-10602.8474
2025-04-21 00:20:18,2456,3,2640.803,2722.0656,3829.0059
2025-04-21 00:20:18,2457,3,0.0,0.0,0.0
2025-04-21 00:20:18,2457,7,6192.2244,3253.81,9648.2187
2025-04-21 00:20:18,2458,2,50862.5745,101.0,42065.1118
2025-04-21 00:20:18,2458,3,32736.5725,4814.6873,29298.9908
2025-04-21 00:20:18,2459,2,-594.2138,24475.6792,-594.2138
2025-04-21 00:20:18,2459,10,17797.8749,0.0,21673.1767
2025-04-21 00:20:18,2462,7,11755.0708,1430.3984,15145.7496
2025-04-21 00:20:18,2462,8,331.0,407.1,331.0
2025-04-21 00:20:18,2464,2,28264.21,28264.21,28264.21
2025-04-21 00:20:18,2464,3,0.0,0.0,0.0
2025-04-21 00:20:18,2464,7,-11922.07,7309.21,4487.95
2025-04-21 00:20:18,2464,10,13237.94,0.0,18186.23
2025-04-21 00:20:18,2466,3,0.0,0.0,0.0
2025-04-21 00:20:18,2466,7,28648.53,8872.04,28623.08
2025-04-21 00:20:18,2468,2,637649.8223,630136.2637,637649.8223
2025-04-21 00:20:18,2468,3,0.0,0.0,0.0
2025-04-21 00:20:18,2468,7,126841.8543,96262.4167,126841.8543
2025-04-21 00:20:18,2471,2,31178.608,31178.608,31178.608
2025-04-21 00:20:18,2471,3,0.0,0.0,0.0
2025-04-21 00:20:18,2471,7,7380.963,6818.504,23077.082
2025-04-21 00:20:18,2471,10,18918.038,0.0,28369.398
2025-04-21 00:20:18,2472,2,-111979.4153,247.0,-85820.8878
2025-04-21 00:20:18,2472,3,-31823.4212,0.0,-51735.1945
2025-04-21 00:20:18,2472,7,210576.2809,162.7237,210576.2809
2025-04-21 00:20:18,2476,2,5612.6287,5907.0,5612.6287
2025-04-21 00:20:18,2476,3,0.0,0.0,0.0
2025-04-21 00:20:18,2476,7,19116.3267,6873.8021,29948.7065
2025-04-21 00:20:18,2476,10,880.0555,0.0,880.0555
2025-04-21 00:20:18,2478,2,-30747.0512,1781.7873,-30747.0512
2025-04-21 00:20:18,2478,3,35312.0,0.0,156335.0956
2025-04-21 00:20:18,2478,7,-409256.5323,22799.0,-220278.2628
2025-04-21 00:20:18,2478,10,-44602.1682,0.0,579.6137
2025-04-21 00:20:18,2479,3,140000.0,0.0,140000.0
2025-04-21 00:20:18,2479,7,-110146.7622,4638.4275,-133302.4157
2025-04-21 00:20:18,2481,3,140426.092,1985.7075,145125.5053
2025-04-21 00:20:18,2484,2,276.2286,926.0413,1009.2472
2025-04-21 00:20:18,2484,3,2288.9884,2697.775,2991.1555
2025-04-21 00:20:18,2484,7,0.0,0.0,0.0
2025-04-21 00:20:18,2486,2,29427.532,472.0,29426.195
2025-04-21 00:20:18,2486,3,0.0,0.0,0.0
2025-04-21 00:20:18,2486,7,-6236.63,378.0,1478.739
2025-04-21 00:20:18,2487,2,1357.8631,267.0349,1357.8631
2025-04-21 00:20:18,2487,3,-12324.4278,0.0,665.1802
2025-04-21 00:20:18,2487,7,7722.4128,6277.0448,7722.4128
2025-04-21 00:20:18,2487,10,-19.9562,0.0,-19.9562
2025-04-21 00:20:18,2489,3,0.0,0.0,0.0
2025-04-21 00:20:18,2489,7,56431.426,259.101,42254.482
2025-04-21 00:20:18,2489,8,111.0,111.313,111.0
2025-04-21 00:20:18,2491,2,41351.4775,96.7906,40747.4561
2025-04-21 00:20:18,2491,3,10089.4743,2797.5109,13868.2529
2025-04-21 00:20:18,2494,3,3390.566,613.5744,5308.3902
2025-04-21 00:20:18,2499,3,-641.259,0.0,-641.259
2025-04-21 00:20:18,2499,7,-7965.982,10294.0707,38833.7297
2025-04-21 00:20:18,2500,2,19113.9104,419.8389,21492.4677
2025-04-21 00:20:18,2500,3,-8911.5727,887.1442,321.422
2025-04-21 00:20:18,2500,7,0.0,0.0,0.0
2025-04-21 00:20:18,2501,2,3839.1755,1395.2442,28275.4901
2025-04-21 00:20:18,2501,3,2198.447,2814.4131,11455.1736
2025-04-21 00:20:18,2502,2,14466.5613,500.0,4730.1877
2025-04-21 00:20:18,2502,3,5322.2657,300.0,-4356.1438
2025-04-21 00:20:18,2508,2,0.0,0.0,0.0
2025-04-21 00:20:18,2508,10,23033.627,3379.822,57755.764
2025-04-21 00:20:18,2514,2,80083.9541,600.0,86057.1744
2025-04-21 00:20:18,2514,3,5440.1865,1657.5802,9702.29
2025-04-21 00:20:18,2515,2,42940.5166,880.0,37527.1989
2025-04-21 00:20:18,2515,3,117952.3173,1322.1761,102931.758
2025-04-21 00:20:18,2516,2,54445.097,14194.888,34253.917
2025-04-21 00:20:18,2516,3,0.0,0.0,0.0
2025-04-21 00:20:18,2516,7,-17169.4,4331.9,-22697.88
2025-04-21 00:20:18,2516,10,0.0,0.0,0.0
2025-04-21 00:20:18,2517,2,2065.706,1921.4583,2065.706
2025-04-21 00:20:18,2517,3,-25.7785,0.0,-25.7785
2025-04-21 00:20:18,2517,7,733.6929,136.0128,733.6929
2025-04-21 00:20:18,2517,10,130.9849,0.0,130.9849
2025-04-21 00:20:18,2518,2,-7900.473,800.0,-7900.473
2025-04-21 00:20:18,2518,3,32707.7111,0.0,24017.5732
2025-04-21 00:20:18,2518,7,111928.6148,35.9477,87382.8979
2025-04-21 00:20:18,2518,10,78442.3951,0.0,52750.8653
2025-04-21 00:20:18,2519,3,0.0,0.0,0.0
2025-04-21 00:20:18,2519,7,2359.577,4859.924,2193.619
2025-04-21 00:20:18,2520,2,6461.1175,5715.2847,6461.1175
2025-04-21 00:20:18,2520,3,74242.3636,0.0,74094.2754
2025-04-21 00:20:18,2520,7,43670.9003,1617.1627,50324.2436
2025-04-21 00:20:18,2520,10,-36282.0971,0.0,-37544.8853
2025-04-21 00:20:18,2522,3,0.0,0.0,0.0
2025-04-21 00:20:18,2522,7,2043.7566,92.6856,3188.2678
2025-04-21 00:20:18,2525,2,1214.5396,446.9969,1214.5396
2025-04-21 00:20:18,2525,10,100416.8629,0.0,89176.6168
2025-04-21 00:20:18,2526,2,9511.4788,1518.2427,9511.4788
2025-04-21 00:20:18,2526,3,-23501.4175,0.0,57.6894
2025-04-21 00:20:18,2526,7,9167.737,316794.482,12566.8664
2025-04-21 00:20:18,2526,10,82.9802,0.0,732.0786
2025-04-21 00:20:18,2528,2,8954.7115,674.25,9958.0096
2025-04-21 00:20:18,2528,3,16578.9456,1183.5053,24457.0006
2025-04-21 00:20:18,2528,7,0.0,0.0,0.0
2025-04-21 00:20:18,2529,2,-115723.6293,1978.132,-115723.6293
2025-04-21 00:20:18,2529,3,-37.4171,0.0,93.0234
2025-04-21 00:20:18,2529,7,2958.1057,1016.7534,32895.929
2025-04-21 00:20:18,2529,10,13434.6777,0.0,75849.4699
2025-04-21 00:20:18,2529,11,-4955.7812,18437.4792,39729.4794
2025-04-21 00:20:18,2531,2,53610.3902,2216.0,79146.4978
2025-04-21 00:20:18,2531,3,49484.005,54.7141,54092.6947
2025-04-21 00:20:18,2532,3,-16951.8252,0.0,713.9669
2025-04-21 00:20:18,2532,7,30446.09,4572.9908,36616.3713
2025-04-21 00:20:18,2534,2,15233.209,418.112,15233.209
2025-04-21 00:20:18,2534,3,0.0,0.0,0.0
2025-04-21 00:20:18,2534,7,-9237.302,8524.518,10429.268
2025-04-21 00:20:18,2534,10,-11218.766,0.0,2622.665
2025-04-21 00:20:18,2535,2,11103.4929,774.0,7190.278
2025-04-21 00:20:18,2535,3,0.0,0.0,838.1016
2025-04-21 00:20:18,2535,7,20757.3071,1622.2941,18788.0289
2025-04-21 00:20:18,2536,2,-80.1456,0.0,-80.1456
2025-04-21 00:20:18,2536,3,0.0,0.0,0.0
2025-04-21 00:20:18,2536,7,3218.1648,1354.924,6590.9585
2025-04-21 00:20:18,2536,10,24035.4439,488.2148,24035.4439
2025-04-21 00:20:18,2537,2,15012.8579,59.8248,16415.6392
2025-04-21 00:20:18,2542,3,254770.0,0.0,231221.7984
2025-04-21 00:20:18,2542,7,-146065.3967,4832.6358,-167562.7435
2025-04-21 00:20:18,2543,2,11435.627,109.302,17351.102
2025-04-21 00:20:18,2543,3,0.0,0.0,0.0
2025-04-21 00:20:18,2543,7,27384.665,143.73,52022.149
2025-04-21 00:20:18,2545,2,-44347.7239,453.8252,-12451.8124
2025-04-21 00:20:18,2545,3,-60603.6439,1580.7772,-29287.0302
2025-04-21 00:20:18,2547,2,71754.243,540.0,71754.243
2025-04-21 00:20:18,2547,3,-163.645,0.0,1231.9958
2025-04-21 00:20:18,2547,7,3369.6308,1761.0,19263.1639
2025-04-21 00:20:18,2547,10,70862.9363,486.0,76973.7974
2025-04-21 00:20:18,2548,2,101.8644,101.8644,101.8644
2025-04-21 00:20:18,2548,3,0.0,0.0,0.0
2025-04-21 00:20:18,2548,7,122144.6343,1783.7753,123842.8837
2025-04-21 00:20:18,2548,10,-9237.4068,237.3071,-10310.8998
2025-04-21 00:20:18,2549,2,-13358.9889,435.0,-12066.6864
2025-04-21 00:20:18,2549,3,0.0,0.0,24.0
2025-04-21 00:20:18,2549,7,4461.1131,984.92,4461.4936
2025-04-21 00:20:18,2551,3,-108638.9917,764.6559,3494.6384
2025-04-21 00:20:18,2552,3,6413.8696,0.0,426.8292
2025-04-21 00:20:18,2552,7,65239.5232,710.3798,66201.2736
2025-04-21 00:20:18,2555,2,-6199.1383,147.7337,423.4931
2025-04-21 00:20:18,2555,3,0.0,0.0,0.0
2025-04-21 00:20:18,2555,7,-6619.9248,95.4799,-5089.7884
2025-04-21 00:20:18,2556,3,0.0,0.0,0.0
2025-04-21 00:20:18,2556,7,242.7415,1053.733,614.502
2025-04-21 00:20:18,2556,8,61.0,61.0,61.0
2025-04-21 00:20:18,2559,2,13965.9852,16690.209,17582.0526
2025-04-21 00:20:18,2559,3,20855.1108,14892.8051,21773.4681
2025-04-21 00:20:18,2559,7,0.0,0.0,0.0
2025-04-21 00:20:18,2562,2,-3882.496,3075.176,3119.751
2025-04-21 00:20:18,2562,3,0.0,0.0,0.0
2025-04-21 00:20:18,2562,7,-5363.496,281.618,2548.903
2025-04-21 00:20:18,2563,2,-32003.8577,100.0,-32003.8577
2025-04-21 00:20:18,2563,3,42781.1599,0.0,42139.7803
2025-04-21 00:20:18,2563,7,-59393.9454,100.0,-59063.9454
2025-04-21 00:20:18,2563,8,0.0,100.0,0.0
2025-04-21 00:20:18,2563,10,42309.5571,0.0,34763.3311
2025-04-21 00:20:18,2564,2,-445.5028,7568.0,3364.0781
2025-04-21 00:20:18,2564,3,107.1124,0.0,2605.9196
2025-04-21 00:20:18,2564,7,-1116.5297,11848.7398,7869.7889
2025-04-21 00:20:18,2567,2,-19127.5635,5129.7415,-14636.5323
2025-04-21 00:20:18,2567,3,0.0,0.0,0.0
2025-04-21 00:20:18,2567,7,-13290.2362,11200.0,-11850.5896
2025-04-21 00:20:18,2567,10,0.0,0.0,0.0
2025-04-21 00:20:18,2571,2,893.2544,899.0,893.2544
2025-04-21 00:20:18,2571,3,-51168.3246,672.0666,-51168.3246
2025-04-21 00:20:18,2571,7,24201.5383,0.0,24201.5383
2025-04-21 00:20:18,2571,10,-18496.6686,0.0,-18496.6686
2025-04-21 00:20:18,2575,2,33513.587,33634.565,33513.587
2025-04-21 00:20:18,2575,10,114426.21,0.096,140697.711
2025-04-21 00:20:18,2578,2,48103.7977,1435.1526,50449.1667
2025-04-21 00:20:18,2578,3,0.0,0.0,0.0
2025-04-21 00:20:18,2578,7,72157.5688,895.1093,80110.977
2025-04-21 00:20:18,2580,2,0.0,6700.0,0.0
2025-04-21 00:20:18,2580,3,691.1767,0.0,691.1767
2025-04-21 00:20:18,2580,7,-110335.3656,50.0,-110335.3656
2025-04-21 00:20:18,2580,10,-64348.8295,-1895.1611,-64417.5956
2025-04-21 00:20:18,2584,2,2.706,2637.2026,3556.0
2025-04-21 00:20:18,2584,3,0.0,0.0,0.0
2025-04-21 00:20:18,2584,7,643.0,5654.4966,1297.0
2025-04-21 00:20:18,2585,3,59.5455,0.0,3828.3226
2025-04-21 00:20:18,2585,7,21836.0484,11500.0,35015.2486
2025-04-21 00:20:18,2589,2,18101.5905,235.3199,18038.2383
2025-04-21 00:20:18,2589,3,0.0,0.0,142.0
2025-04-21 00:20:18,2589,7,19324.9928,51.7618,19490.7682
2025-04-21 00:20:18,2592,2,27418.9744,27386.6855,27418.9744
2025-04-21 00:20:18,2592,3,0.0,0.0,0.0
2025-04-21 00:20:18,2592,7,138671.7501,2490.0753,150634.0493
2025-04-21 00:20:18,2592,10,-2088.035,0.0,974.2333
2025-04-21 00:20:18,2595,2,13950.3254,803.024,13842.2858
2025-04-21 00:20:18,2595,3,-26.738,0.0,-26.738
2025-04-21 00:20:18,2595,7,16925.6219,1692.7915,16945.3169
2025-04-21 00:20:18,2597,2,10918.801,457.769,27730.521
2025-04-21 00:20:18,2597,3,0.0,0.0,0.0
2025-04-21 00:20:18,2597,7,10174.359,750.014,19786.568
2025-04-21 00:20:18,2598,3,0.0,0.0,0.0
2025-04-21 00:20:18,2598,7,3026.8788,58.7755,3084.8748
2025-04-21 00:20:18,2600,2,305.7933,801.044,-24092.9539
2025-04-21 00:20:18,2600,3,0.0,0.0,0.0
2025-04-21 00:20:18,2600,7,2837.0359,815.0045,6215.5143
2025-04-21 00:20:18,2601,2,106425.8286,19969.2637,108241.3826
2025-04-21 00:20:18,2601,3,104013.9589,1269.6521,108185.5799
2025-04-21 00:20:18,2603,2,16685.4622,8612.0045,17244.2633
2025-04-21 00:20:18,2603,3,9134.4753,9384.5307,17280.1967
2025-04-21 00:20:18,2603,7,0.0,0.0,0.0
2025-04-21 00:20:18,2605,2,-377.4749,1422.55,770.6754
2025-04-21 00:20:18,2605,3,-2.6069,0.0,203.0741
2025-04-21 00:20:18,2605,7,49151.5018,1261.0,49150.8955
2025-04-21 00:20:18,2609,2,0.0,0.0,0.0
2025-04-21 00:20:18,2609,3,48920.3695,0.0,48920.3695
2025-04-21 00:20:18,2609,7,38483.4533,2682.2584,50915.5938
2025-04-21 00:20:18,2609,10,42371.0378,14364.8169,42371.0378
2025-04-21 00:20:18,2610,2,0.0,0.0,0.0
2025-04-21 00:20:18,2610,3,1034.4281,0.0,1034.4281
2025-04-21 00:20:18,2610,7,4373.3263,3174.0807,5473.4053
2025-04-21 00:20:18,2610,10,823.9441,1808.6948,2041.2307
2025-04-21 00:20:18,2612,2,-1751.9411,116.9189,-132.9466
2025-04-21 00:20:18,2612,3,0.0,0.0,0.0
2025-04-21 00:20:18,2612,7,10285.1783,581.4439,11190.5479
2025-04-21 00:20:18,2615,3,0.0,0.0,0.0
2025-04-21 00:20:18,2615,7,4479.998,11.1592,-2707.559
2025-04-21 00:20:18,2616,2,5035.2582,6327.4297,5666.806
2025-04-21 00:20:18,2616,3,287.0489,3471.3268,3378.4503
2025-04-21 00:20:18,2616,7,0.0,0.0,0.0
2025-04-21 00:20:18,2617,2,1399.0144,560.783,1528.8572
2025-04-21 00:20:18,2617,3,-13028.9658,1773.6574,14174.8557
2025-04-21 00:20:18,2620,2,48503.02,4215.454,48503.02
2025-04-21 00:20:18,2620,10,60164.093,0.0,59191.032
2025-04-21 00:20:18,2622,3,19214.2406,0.0,185.4174
2025-04-21 00:20:18,2622,7,2540.5613,188.4804,18497.3998
2025-04-21 00:20:18,2624,2,22025.1815,21579.8226,22025.1815
2025-04-21 00:20:18,2624,3,185.2913,0.0,185.2913
2025-04-21 00:20:18,2624,7,1133.1524,477.2755,1133.1524
2025-04-21 00:20:18,2624,10,-19997.7796,0.0,1723.3633
2025-04-21 00:20:18,2627,3,0.0,0.0,20.0
2025-04-21 00:20:18,2627,7,-3375.8623,66.8638,461.1295
2025-04-21 00:20:18,2630,2,20000.0,2700.0,20000.0
2025-04-21 00:20:18,2630,10,59535.0722,-30.0,46393.9808
2025-04-21 00:20:18,2633,3,0.0,0.0,0.0
2025-04-21 00:20:18,2633,7,63898.618,1134.3872,67347.233
2025-04-21 00:20:18,2633,8,785.0,785.322,785.0
2025-04-21 00:20:18,2636,2,-14041.3977,3000.0,22343.9625
2025-04-21 00:20:18,2636,3,0.0,0.0,-144.0
2025-04-21 00:20:18,2636,7,-2002.3695,3000.0,4375.7241
2025-04-21 00:20:18,2637,2,233.34,1200.0,8755.18
2025-04-21 00:20:18,2637,3,810.82,950.0,1361.82
2025-04-21 00:20:18,2637,7,15542.49,967.51,17762.33
2025-04-21 00:20:18,2639,2,264.232,441.005,264.232
2025-04-21 00:20:18,2639,3,1277.0991,1901.5316,1277.0991
2025-04-21 00:20:18,2640,2,68779.994,946.3091,68779.673
2025-04-21 00:20:18,2640,3,0.0,0.0,0.0
2025-04-21 00:20:18,2640,7,14324.373,1000.3264,14151.477
2025-04-21 00:20:18,2641,2,7277.2558,2500.0,9775.4065
2025-04-21 00:20:18,2641,3,0.0,0.0,0.0
2025-04-21 00:20:18,2641,7,621.2798,5000.0,5754.0553
2025-04-21 00:20:18,2642,2,13208.8256,783.9822,26893.1716
2025-04-21 00:20:18,2642,3,-8217.285,620.0,1583.013
2025-04-21 00:20:18,2642,7,3841.9196,1391.6259,4951.8086
2025-04-21 00:20:18,2643,2,-12184.1479,1616.8535,-5696.4525
2025-04-21 00:20:18,2643,3,0.0,0.0,0.0
2025-04-21 00:20:18,2643,7,309.7866,286.7555,309.1522
2025-04-21 00:20:18,2644,2,2161.5397,3000.0,4392.5397
2025-04-21 00:20:18,2644,3,0.0,0.0,2334.5155
2025-04-21 00:20:18,2644,7,9393.5067,3000.0,9252.3831
2025-04-21 00:20:18,2645,3,135172.0565,1167.0,153084.3616
2025-04-21 00:20:18,2646,2,-5073.9298,2345.6366,-4609.5021
2025-04-21 00:20:18,2646,3,1308.2435,1716.4308,1736.7447
2025-04-21 00:20:18,2646,7,0.0,0.0,0.0
2025-04-21 00:20:18,2647,2,439.4164,439.416,439.4164
2025-04-21 00:20:18,2647,3,0.0,0.0,0.0
2025-04-21 00:20:18,2647,7,-19474.4544,92.2471,-19822.3963
2025-04-21 00:20:18,2647,10,1114.6991,0.0,1087.869
2025-04-21 00:20:18,2648,3,0.0,0.0,0.0
2025-04-21 00:20:18,2648,7,47544.813,1035.63,49255.459
2025-04-21 00:20:18,2648,8,24001.0,1035.63,24999.0
2025-04-21 00:20:18,2651,2,-375705.172,180.0,-400455.971
2025-04-21 00:20:18,2652,3,0.0,0.0,0.0
2025-04-21 00:20:18,2652,7,44260.539,831.005,46314.374
2025-04-21 00:20:18,2654,2,15373.34,15373.34,15373.34
2025-04-21 00:20:18,2654,3,0.0,0.0,0.0
2025-04-21 00:20:18,2654,7,16727.772,32964.911,18086.86
2025-04-21 00:20:18,2654,10,19301.629,125.742,21299.497
2025-04-21 00:20:18,2656,2,23042.4,455.472,48603.289
2025-04-21 00:20:18,2656,3,0.0,0.0,0.0
2025-04-21 00:20:18,2656,7,-4693.136,237.822,8685.249
2025-04-21 00:20:18,2657,2,21661.776,299.311,21660.752
2025-04-21 00:20:18,2657,3,0.0,0.0,0.0
2025-04-21 00:20:18,2657,7,111134.529,541.803,108882.523
2025-04-21 00:20:18,2657,8,33.0,33.184,33.0
2025-04-21 00:20:18,2658,2,33649.939,1381.467,27637.776
2025-04-21 00:20:18,2662,2,1165.3278,583.0,1165.3278
2025-04-21 00:20:18,2662,10,11519.3524,0.0,3144.2065
2025-04-21 00:20:18,2663,3,0.0,0.0,0.0
2025-04-21 00:20:18,2663,7,721.208,41.517,10470.235
2025-04-21 00:20:18,2665,2,-247.6,25846.42,-247.6
2025-04-21 00:20:18,2665,3,0.0,0.0,0.0
2025-04-21 00:20:18,2665,7,-5501.88,3157.592,-1208.178
2025-04-21 00:20:18,2665,10,-2143.95,0.0,-2280.19
2025-04-21 00:20:18,2668,2,63333.8785,1268.69,65666.5721
2025-04-21 00:20:18,2668,3,28957.0,0.0,28957.0
2025-04-21 00:20:18,2668,7,4127.7475,840.0073,6031.5258
2025-04-21 00:20:18,2670,2,16182.7566,12215.5751,19298.4635
2025-04-21 00:20:18,2670,3,684.1543,1693.4297,2284.9475
2025-04-21 00:20:18,2672,2,69886.487,1450.0,69886.487
2025-04-21 00:20:18,2672,3,1880.8447,0.0,1880.8447
2025-04-21 00:20:18,2672,7,10687.345,1429.5318,10687.345
2025-04-21 00:20:18,2674,2,4548.4624,1496.0,29980.841
2025-04-21 00:20:18,2674,3,-329.5375,0.0,560.4625
2025-04-21 00:20:18,2674,7,-2908.0019,1045.0,2968.1904
2025-04-21 00:20:18,2675,2,24396.7683,590.0,24197.0828
2025-04-21 00:20:18,2675,3,-22491.1246,484.5192,5076.0518
2025-04-21 00:20:18,2677,2,25512.0721,959.9,3859.0721
2025-04-21 00:20:18,2677,10,8888.3486,0.0,24280.4266
2025-04-21 00:20:18,2679,2,21702.8856,294.1755,35854.3233
2025-04-21 00:20:18,2679,3,0.0,0.0,0.0
2025-04-21 00:20:18,2679,7,942.0354,271.6066,-4352.1777
2025-04-21 00:20:18,2683,2,1820.9207,1928.4508,1820.9207
2025-04-21 00:20:18,2683,3,8.4565,0.0,7.4565
2025-04-21 00:20:18,2683,7,1325.9272,330.1232,1325.9272
2025-04-21 00:20:18,2683,10,1.8073,0.0,1.8073
2025-04-21 00:20:18,2685,2,-11471.9957,12358.4572,-11471.9957
2025-04-21 00:20:18,2685,3,-136.7616,0.0,-136.7616
2025-04-21 00:20:18,2685,7,-22026.5595,938.5747,-22026.5595
2025-04-21 00:20:18,2685,10,-2602.0194,0.0,-2602.0194
2025-04-21 00:20:18,2688,2,21859.998,1198.5021,14800.9238
2025-04-21 00:20:18,2688,3,21075.1897,3781.3695,15899.1347
2025-04-21 00:20:18,2688,7,0.0,0.0,0.0
2025-04-21 00:20:18,2690,2,1060.821,3876.8655,1060.821
2025-04-21 00:20:18,2690,3,-4521.5445,0.0,-4093.1738
2025-04-21 00:20:18,2690,7,71198.0305,22748.5038,73233.504
2025-04-21 00:20:18,2690,10,23980.9195,0.0,35547.0916
2025-04-21 00:20:18,2692,2,-1484.1842,580.0,10876.1383
2025-04-21 00:20:18,2692,3,6000.0,0.0,6068.0
2025-04-21 00:20:18,2692,7,5744.9685,255.3742,3053.6515
2025-04-21 00:20:18,2698,2,412.574,412.0,412.574
2025-04-21 00:20:18,2698,3,-1896.5489,0.0,-2073.9266
2025-04-21 00:20:18,2698,7,39534.1969,112.4078,39509.5237
2025-04-21 00:20:18,2698,10,-904.4673,0.0,-988.4801
2025-04-21 00:20:18,2701,2,10722.32,10722.32,10722.32
2025-04-21 00:20:18,2701,3,0.0,0.0,0.0
2025-04-21 00:20:18,2701,7,7754.338,9270.542,7754.338
2025-04-21 00:20:18,2701,10,-1436.771,786.752,-1436.771
2025-04-21 00:20:18,2703,11,25395.218,31200.0,55138.1267
2025-04-21 00:20:18,2704,2,-14763.4151,2782.2149,-14993.4151
2025-04-21 00:20:18,2704,3,-18674.5186,970.0,-17783.614
2025-04-21 00:20:18,2705,2,1227.2961,1511.6321,1208.444
2025-04-21 00:20:18,2706,2,3748.3067,4721.597,3748.3067
2025-04-21 00:20:18,2706,10,3865.4545,0.0,19955.659
2025-04-21 00:20:18,2709,2,173309.625,1877.416,213161.205
2025-04-21 00:20:18,2709,3,0.0,0.0,0.0
2025-04-21 00:20:18,2709,7,97161.97,1123.235,100521.849
2025-04-21 00:20:18,2711,2,218.4035,218.4038,218.4035
2025-04-21 00:20:18,2711,3,24149.9183,0.0,24149.9183
2025-04-21 00:20:18,2711,7,23418.7337,106.536,23418.7337
2025-04-21 00:20:18,2711,10,115589.1827,0.0,119456.9338
2025-04-21 00:20:18,2715,3,0.0,0.0,0.0
2025-04-21 00:20:18,2715,7,21841.4825,21289.271,21841.4825
2025-04-21 00:20:18,2716,3,3130.2153,0.0,455.3378
2025-04-21 00:20:18,2716,7,-51676.8012,10067.7273,-27330.2333
2025-04-21 00:20:18,2718,2,682.2832,21.9381,682.0462
2025-04-21 00:20:18,2718,3,-7308.0364,4428.5538,4367.2499
2025-04-21 00:20:18,2718,7,724.0,0.0,724.0
2025-04-21 00:20:18,2718,10,0.0,0.0,0.0
2025-04-21 00:20:18,2720,2,5235.56,1477.4486,6629.1166
2025-04-21 00:20:18,2720,3,364.0,0.0,364.0
2025-04-21 00:20:18,2720,7,8299.9284,845.5656,8299.4985
2025-04-21 00:20:18,2722,2,631.5043,497.8576,1639.1851
2025-04-21 00:20:18,2722,3,-7780.9599,12069.1929,14149.707
2025-04-21 00:20:18,2722,7,0.0,0.0,0.0
2025-04-21 00:20:18,2722,10,0.0,0.0,0.0
2025-04-21 00:20:18,2724,2,0.0,20763.0,0.0
2025-04-21 00:20:18,2724,3,0.0,0.0,0.0
2025-04-21 00:20:18,2724,7,346366.335,11095.229,334597.388
2025-04-21 00:20:18,2724,8,1.23,1465.0,1230.0
2025-04-21 00:20:18,2724,10,116051.4549,-2609.34,119591.9049
2025-04-21 00:20:18,2725,2,2140.3016,876.59,5357.9733
2025-04-21 00:20:18,2725,3,5230.7115,107.82,6277.9304
2025-04-21 00:20:18,2727,2,46705.0628,420.0,223167.4124
2025-04-21 00:20:18,2727,3,57924.5301,730.0,440417.8257
2025-04-21 00:20:18,2728,2,-1893.251,3667.432,1128.8178
2025-04-21 00:20:18,2728,3,-1222.9808,3310.6292,2961.3268
2025-04-21 00:20:18,2729,2,23365.453,1286.071,34993.623
2025-04-21 00:20:18,2729,3,0.0,0.0,0.0
2025-04-21 00:20:18,2729,7,4467.016,374.47,13924.237
2025-04-21 00:20:18,2730,3,0.0,0.0,0.0
2025-04-21 00:20:18,2730,7,-1163.691,7499.883,2574.995
2025-04-21 00:20:18,2730,8,1.17,1170.0,1170.0
2025-04-21 00:20:18,2731,3,-2932.2205,1692.5597,-524.4933
2025-04-21 00:20:18,2736,3,50278.0549,236.9085,106549.5021
2025-04-21 00:20:18,2740,2,7992.8093,129.0,4326.8093
2025-04-21 00:20:18,2740,3,0.0,0.0,0.0
2025-04-21 00:20:18,2740,7,15730.6731,1777.1901,16925.5241
2025-04-21 00:20:18,2743,2,-1067.08,-1067.08,-1067.08
2025-04-21 00:20:18,2743,8,735.0,732.0,735.0
2025-04-21 00:20:18,2743,10,7979.8601,10382.5,9435.5301
2025-04-21 00:20:18,2744,2,3688.3129,5871.65,3688.3129
2025-04-21 00:20:18,2744,3,0.0,0.0,0.0
2025-04-21 00:20:18,2744,7,117691.546,12999.33,171771.11
2025-04-21 00:20:18,2744,8,425.0,666.0,425.0
2025-04-21 00:20:18,2744,10,147955.489,0.0,150817.9087
2025-04-21 00:20:18,2747,2,533.49,3132.11,533.49
2025-04-21 00:20:18,2747,3,180.49,0.0,18842.23
2025-04-21 00:20:18,2747,7,30429.65,3414.0,35717.11
2025-04-21 00:20:18,2747,10,-8629.424,0.0,7153.65
2025-04-21 00:20:18,2751,3,0.0,0.0,20000.0
2025-04-21 00:20:18,2751,7,11811.649,30000.0,21716.403
2025-04-21 00:20:18,2753,2,-53311.4437,1347.0,-53304.4557
2025-04-21 00:20:18,2753,3,0.0,0.0,0.0
2025-04-21 00:20:18,2753,7,-85199.4275,4568.8608,-83962.6115
2025-04-21 00:20:18,2754,3,0.0,0.0,0.0
2025-04-21 00:20:18,2754,7,6810.806,18655.769,16357.118
2025-04-21 00:20:18,2755,2,244736.6773,3792.9195,245813.4944
2025-04-21 00:20:18,2755,3,602250.4337,4303.4653,581768.3677
2025-04-21 00:20:18,2760,3,0.0,0.0,0.0
2025-04-21 00:20:18,2760,7,-3176.78,67.6,-3176.78
2025-04-21 00:20:18,2763,2,-179.1795,411.3186,-320.1797
2025-04-21 00:20:18,2765,2,-30404.9675,17500.5592,-30404.9675
2025-04-21 00:20:18,2765,3,0.0,0.0,0.0
2025-04-21 00:20:18,2765,7,-49027.0734,1700.0,-47061.3716
2025-04-21 00:20:18,2765,10,1515.9993,0.0,923.2438
2025-04-21 00:20:18,2768,8,506.945,544.0,506.945
2025-04-21 00:20:18,2770,3,0.0,0.0,0.0
2025-04-21 00:20:18,2770,7,37444.64,9611.929,45163.509
2025-04-21 00:20:18,2770,8,15590.0,585.0,15590.0
2025-04-21 00:20:18,2772,3,0.0,0.0,0.0
2025-04-21 00:20:18,2772,7,40673.1051,50.6133,40673.1051
2025-04-21 00:20:18,2773,2,17348.83,7348.86,17348.83
2025-04-21 00:20:18,2773,3,0.0,0.0,0.0
2025-04-21 00:20:18,2773,7,173120.223,12578.021,174014.997
2025-04-21 00:20:18,2773,8,20631.0,631.0,20630.89
2025-04-21 00:20:18,2773,10,142419.994,2569.613,135149.994
2025-04-21 00:20:18,2776,7,41022.9234,1054.0,52937.4977
2025-04-21 00:20:18,2779,2,0.0,22200.0,0.0
2025-04-21 00:20:18,2779,3,64000.0,0.0,64000.0
2025-04-21 00:20:18,2779,7,-100657.6562,4490.0,-98673.6963
2025-04-21 00:20:18,2779,10,-63001.9768,0.0,-63296.5766
2025-04-21 00:20:18,2780,2,563.97,563.97,563.97
2025-04-21 00:20:18,2780,3,0.0,0.0,0.0
2025-04-21 00:20:18,2780,7,83275.71,10428.23,84728.58
2025-04-21 00:20:18,2780,8,20001.454,1112.0,20000.0
2025-04-21 00:20:18,2780,10,-1111.989,636.77,-1112.989
2025-04-21 00:20:18,2781,2,18649.3201,3649.32,18649.3201
2025-04-21 00:20:18,2781,3,0.0,0.0,0.0
2025-04-21 00:20:18,2781,7,-3149.028,1417.4,-3149.258
2025-04-21 00:20:18,2781,8,20826.0,624.0,20826.0
2025-04-21 00:20:18,2781,10,42949.1729,11490.408,44555.878
2025-04-21 00:20:18,2782,3,0.0,0.0,0.0
2025-04-21 00:20:18,2782,7,33420.1107,2928.0784,33636.2229
2025-04-21 00:20:18,2783,3,-659.8984,0.0,-659.8984
2025-04-21 00:20:18,2783,7,15557.85,6188.639,15557.85
2025-04-21 00:20:18,2784,2,7583.1794,7583.1794,7583.1794
2025-04-21 00:20:18,2784,10,6481.6213,5036.6213,6481.6213
2025-04-21 00:20:18,2786,2,18189.4357,204.6008,24630.1614
2025-04-21 00:20:18,2786,3,0.0,0.0,0.0
2025-04-21 00:20:18,2786,7,2067.6489,414.0219,4504.4985
2025-04-21 00:20:18,2787,3,57632.4997,651.9775,57632.4997
2025-04-21 00:20:18,2788,2,-23694.9839,305.0163,-23694.9839
2025-04-21 00:20:18,2788,3,929.3765,0.0,929.3765
2025-04-21 00:20:18,2788,7,-20018.4107,513.0962,-20018.4107
2025-04-21 00:20:18,2788,10,108081.4291,0.0,101122.574
2025-04-21 00:20:18,2790,2,12.73,760.91,12.73
2025-04-21 00:20:18,2790,3,0.0,0.0,0.0
2025-04-21 00:20:18,2790,7,-907.201,1409.6781,1728.161
2025-04-21 00:20:18,2790,10,-12.021,0.0,267.097
2025-04-21 00:20:18,2792,2,721.9196,4644.8116,2909.5396
2025-04-21 00:20:18,2792,3,0.0,0.0,0.0
2025-04-21 00:20:18,2792,7,9742.546,3240.8618,9742.546
2025-04-21 00:20:18,2793,2,7642.2611,7642.5188,7642.2611
2025-04-21 00:20:18,2793,3,64.8043,0.0,64.8043
2025-04-21 00:20:18,2793,7,26994.9634,16093.5814,36000.1822
2025-04-21 00:20:18,2793,10,72051.6677,0.0,72051.6677
2025-04-21 00:20:18,2794,2,-17007.1043,497.8403,-15240.513
2025-04-21 00:20:18,2794,3,0.0,0.0,0.0
2025-04-21 00:20:18,2794,7,66267.8508,581.8075,67710.3759
2025-04-21 00:20:18,2796,2,16175.5675,7478.8225,18727.777
2025-04-21 00:20:18,2796,3,2449.5665,1256.3118,9552.4044
2025-04-21 00:20:18,2796,7,0.0,0.0,0.0
2025-04-21 00:20:18,2796,10,0.0,0.0,0.0
2025-04-21 00:20:18,2800,2,8143.711,74.936,8740.911
2025-04-21 00:20:18,2800,3,0.0,0.0,0.0
2025-04-21 00:20:18,2800,7,-4.677,197.499,6601.153
2025-04-21 00:20:18,2803,2,1002.607,1002.607,1002.607
2025-04-21 00:20:18,2803,10,11568.621,0.0,11464.999
2025-04-21 00:20:18,2804,2,-3868.944,732.5108,1270.4985
2025-04-21 00:20:18,2804,3,-8342.1409,872.4185,3063.9813
2025-04-21 00:20:18,2804,7,0.0,0.0,0.0
2025-04-21 00:20:18,2806,2,3369.4044,6302.8453,5916.8544
2025-04-21 00:20:18,2806,3,0.0,0.0,0.0
2025-04-21 00:20:18,2806,7,139686.9526,690.2532,140616.0844
2025-04-21 00:20:18,2807,2,-21252.2147,381.6797,-1825.0247
2025-04-21 00:20:18,2807,3,0.0,0.0,0.0
2025-04-21 00:20:18,2807,7,-8490.6104,9201.0582,10160.3271
2025-04-21 00:20:18,2808,3,0.0,0.0,0.0
2025-04-21 00:20:18,2808,7,126436.9971,5793.8215,157720.0569
2025-04-21 00:20:18,2810,2,10749.485,11422.625,10749.485
2025-04-21 00:20:18,2810,3,0.0,0.0,0.0
2025-04-21 00:20:18,2810,7,2243.475,2338.071,2243.475
2025-04-21 00:20:18,2810,10,0.0,0.0,0.0
2025-04-21 00:20:18,2811,2,21.5696,21.5699,21.5696
2025-04-21 00:20:18,2811,3,-134.9032,694.1524,-134.9032
2025-04-21 00:20:18,2811,7,235.2824,0.0,235.2824
2025-04-21 00:20:18,2811,10,66069.9122,0.0,66069.9122
2025-04-21 00:20:18,2815,2,5840.3786,7257.3737,12359.1912
2025-04-21 00:20:18,2815,3,2093.6132,414.8001,6027.1823
2025-04-21 00:20:18,2818,2,17663.0447,450.0,14679.2132
2025-04-21 00:20:18,2818,3,24588.0634,135.7078,25097.6486
2025-04-21 00:20:18,2820,3,-16896.6541,683.8,-17198.7846
2025-04-21 00:20:18,2821,3,-5628.2699,55.4055,1466.3237
2025-04-21 00:20:18,2822,2,52635.7401,136.2079,69372.2082
2025-04-21 00:20:18,2822,3,47638.8158,417.9131,63277.2231
2025-04-21 00:20:18,2823,2,18067.3836,18066.8926,18067.3836
2025-04-21 00:20:18,2823,3,216.9336,0.0,217.1341
2025-04-21 00:20:18,2823,7,97006.4657,24026.9446,99327.9185
2025-04-21 00:20:18,2823,10,1676.767,0.0,2169.2887
2025-04-21 00:20:18,2824,2,1908.9956,2251.9937,1908.9956
2025-04-21 00:20:18,2824,3,-70.0038,0.0,-70.0038
2025-04-21 00:20:18,2824,7,47136.9736,478.9988,47135.9736
2025-04-21 00:20:18,2824,10,-1464.0085,0.0,-1464.0085
2025-04-21 00:20:18,2825,2,-237.5026,247.2588,999.3459
2025-04-21 00:20:18,2825,3,-12329.1751,142.8001,1126.5581
2025-04-21 00:20:18,2827,2,338801.19,350.0,166128.9591
2025-04-21 00:20:18,2828,2,75985.7519,268416.243,31029.5429
2025-04-21 00:20:18,2828,3,93038.2501,299834.009,75130.6051
2025-04-21 00:20:18,2829,2,85306.9816,85029.7348,85306.9816
2025-04-21 00:20:18,2829,3,0.0,0.0,0.0
2025-04-21 00:20:18,2829,7,37423.7553,35109.3691,37423.7553
2025-04-21 00:20:18,2833,2,1050.0054,1050.0054,1050.0054
2025-04-21 00:20:18,2833,3,0.0,0.0,0.0
2025-04-21 00:20:18,2833,7,-16367.3682,0.007,17.5368
2025-04-21 00:20:18,2833,10,23999.9936,0.0,23999.4
2025-04-21 00:20:18,2856,2,4946.4657,310.3247,4945.3796
2025-04-21 00:20:18,2857,2,9136.2153,7321.07,8656.3361
2025-04-21 00:20:18,2857,3,-3086.115,6171.1,-1601.1697
2025-04-21 00:20:18,2858,2,-85035.9718,722.0,-85035.9718
2025-04-21 00:20:18,2858,3,0.0,0.0,0.0
2025-04-21 00:20:18,2858,7,23097.2493,1266.8939,-19313.9047
2025-04-21 00:20:18,2858,10,40987.3797,0.0,13690.3363
2025-04-21 00:20:18,2866,2,8001.745,506.0,11277.307
2025-04-21 00:20:18,2866,3,0.0,0.0,0.0
2025-04-21 00:20:18,2866,7,26458.955,336.0,27816.628
2025-04-21 00:20:18,2867,2,35152.11,786.355,35151.881
2025-04-21 00:20:18,2867,3,12000.0,0.0,12000.0
2025-04-21 00:20:18,2867,7,22970.806,621.266,23428.743
2025-04-21 00:20:18,2868,2,18426.0396,990.87,72339.1615
2025-04-21 00:20:18,2868,3,69606.0915,942.11,72691.6665
2025-04-21 00:20:18,2869,2,25752.2519,4819.59,26865.0893
2025-04-21 00:20:18,2869,3,11132.3484,2252.0,11295.9136
2025-04-21 00:20:18,2870,2,-19244.694,247.0,-19244.694
2025-04-21 00:20:18,2870,10,20025.2059,0.0,20025.2059
2025-04-21 00:20:18,2873,2,-22953.9809,0.0,-22953.9809
2025-04-21 00:20:18,2873,10,-46819.5906,100.0,-46819.5906
2025-04-21 00:20:18,2877,2,1588.507,4.564,9587.592
2025-04-21 00:20:18,2877,3,0.0,0.0,0.0
2025-04-21 00:20:18,2877,7,1202.86,19.942,1202.458
2025-04-21 00:20:18,2881,2,-72118.1094,2204.0,-66533.7534
2025-04-21 00:20:18,2881,3,-29518.4198,2197.0,-23891.2841
2025-04-21 00:20:18,2883,2,12841.469,62699.0,12303.7654
2025-04-21 00:20:18,2883,3,29605.0761,59668.7501,22337.9685
2025-04-21 00:20:18,2885,2,-80550.9642,6920.4625,-94567.0686
2025-04-21 00:20:18,2885,3,-134573.568,515.0,-152794.4148
2025-04-21 00:20:18,2886,3,-87609.9184,0.0,-87586.9184
2025-04-21 00:20:18,2886,7,-668463.1932,3880.15,-671172.8114
2025-04-21 00:20:18,2899,2,-39.9228,212.0,-93.6862
2025-04-21 00:20:18,2899,10,-23.7925,0.0,-32.2148
2025-04-21 00:20:18,2903,2,-2873.7079,8784.0524,7032.2983
2025-04-21 00:20:18,2903,3,470.0679,12390.5075,11642.0802
2025-04-21 00:20:18,2905,2,337475.4702,17091.7,473516.11
2025-04-21 00:20:18,2905,3,0.0,0.0,0.0
2025-04-21 00:20:18,2905,7,304369.1681,5592.34,302164.1397
2025-04-21 00:20:18,2905,8,-32.7097,542.0,-32.7097
2025-04-21 00:20:18,2908,3,1696650.3652,39624.878,1852071.0978
2025-04-21 00:20:18,2909,2,-38939.75,15193.17,-38943.5
2025-04-21 00:20:18,2909,3,0.0,0.0,0.0
2025-04-21 00:20:18,2909,7,-60189.631,7858.53,-60190.15
2025-04-21 00:20:18,2910,2,32555.259,16372.35,32598.24
2025-04-21 00:20:18,2910,3,0.0,0.0,0.0
2025-04-21 00:20:18,2910,7,-4162.475,13516.26,-4125.14
2025-04-21 00:20:18,2911,2,60378.41,17392.89,97120.35
2025-04-21 00:20:18,2911,3,15624.3,0.0,20627.2
2025-04-21 00:20:18,2911,7,34346.47,17719.31,69285.66
2025-04-21 00:20:18,2912,3,-13.369,0.0,-90.9305
2025-04-21 00:20:18,2912,7,1787.0631,307.2045,-9392.5413
2025-04-21 00:20:18,2913,2,1996.7897,24085.9784,1996.7897
2025-04-21 00:20:18,2913,3,1987.614,0.0,330.6241
2025-04-21 00:20:18,2913,7,208551.7115,17427.784,183591.0467
2025-04-21 00:20:18,2913,10,107309.0578,0.0,55424.3594
2025-04-21 00:20:18,2916,2,18805.191,135.55,18578.994
2025-04-21 00:20:18,2916,3,0.0,0.0,0.0
2025-04-21 00:20:18,2916,7,12881.163,11.3419,14059.882
2025-04-21 00:20:18,2922,8,0.0,0.0,0.0
2025-04-21 00:20:18,2922,9,777.0,740.0,0.0
2025-04-21 00:20:18,2926,3,-144878.5328,0.0,-144878.5328
2025-04-21 00:20:18,2926,7,24621.3335,14720.68,80388.4319
2025-04-21 00:20:18,2928,2,30545.602,10907.4758,30545.602
2025-04-21 00:20:18,2928,10,808.8643,0.0,1188.8509
2025-04-21 00:20:18,2929,2,602.3978,602.0,602.3978
2025-04-21 00:20:18,2929,3,0.0,0.0,0.0
2025-04-21 00:20:18,2929,7,19897.3853,1425.955,21955.6598
2025-04-21 00:20:18,2929,10,11379.33,0.0,11379.4778
2025-04-21 00:20:18,2931,2,6128.0738,550.0,11081.5324
2025-04-21 00:20:18,2931,3,26620.052,25036.1188,29601.5858
2025-04-21 00:20:18,2934,2,-112075.1959,450.0,-112075.1959
2025-04-21 00:20:18,2934,3,12929.6953,0.0,96724.6953
2025-04-21 00:20:18,2934,7,-286810.8521,450.0,-171731.6164
2025-04-21 00:20:18,2934,10,-80824.295,0.0,121450.034
2025-04-21 00:20:18,2935,3,0.0,0.0,0.0
2025-04-21 00:20:18,2935,7,277.643,0.116,2741.154
2025-04-21 00:20:18,2937,2,2036.8219,954.55,4823.0235
2025-04-21 00:20:18,2937,3,0.0,0.0,0.0
2025-04-21 00:20:18,2937,7,27721.0307,27347.9413,27495.447
2025-04-21 00:20:18,2937,10,0.0,0.0,0.0
2025-04-21 00:20:18,2940,2,3224.8822,7134.79,1004.5434
2025-04-21 00:20:18,2940,3,123.5721,2445.07,-3110.7219
2025-04-21 00:20:18,2941,2,60762.4037,1.17,62509.2509
2025-04-21 00:20:18,2941,3,20000.0,0.0,20000.0
2025-04-21 00:20:18,2941,7,75195.8414,2286.15,75254.4612
2025-04-21 00:20:18,2942,2,-2057.5211,1134.1181,1134.09
2025-04-21 00:20:18,2942,3,0.0,0.0,0.0
2025-04-21 00:20:18,2942,7,11014.2718,451.6457,11013.9983
2025-04-21 00:20:18,2943,3,29.0373,0.0,29.0373
2025-04-21 00:20:18,2943,7,18986.0438,17722.9185,18986.0438
2025-04-21 00:20:18,2945,2,23998.6505,23998.6505,23998.6505
2025-04-21 00:20:18,2945,3,28899.5504,28899.5504,28899.5504
2025-04-21 00:20:18,2945,7,-557.2827,0.0,491.459
2025-04-21 00:20:18,2945,10,-592.6759,0.0,-716.6759
2025-04-21 00:20:18,2946,2,277.9952,2774.8355,2594.6332
2025-04-21 00:20:18,2946,3,0.0,0.0,0.0
2025-04-21 00:20:18,2946,7,3935.4058,2410.5894,5595.8858
2025-04-21 00:20:18,2947,8,-2183.4079,388.0,-2170.2112
2025-04-21 00:20:18,2949,3,36153.2901,0.0,36153.2901
2025-04-21 00:20:18,2949,7,11311.1237,11461.3556,11311.1237
2025-04-21 00:20:18,2950,2,3140.079,0.409,3139.339
2025-04-21 00:20:18,2950,3,0.0,0.0,0.0
2025-04-21 00:20:18,2950,7,2158.147,0.295,2157.882
2025-04-21 00:20:18,2951,2,28740.961,3218.364,28783.895
2025-04-21 00:20:18,2951,3,0.0,0.0,0.0
2025-04-21 00:20:18,2951,7,968.744,46.775,1633.909
2025-04-21 00:20:18,2952,3,11077.1607,11077.1607,11251.1607
2025-04-21 00:20:18,2952,7,26406.096,488.0,49246.689
2025-04-21 00:20:18,2953,2,7590.4727,7590.4727,7590.4727
2025-04-21 00:20:18,2953,3,0.0,0.0,0.0
2025-04-21 00:20:18,2953,7,-9699.1269,2110.2278,1944.5399
2025-04-21 00:20:18,2953,10,-10875.6533,-695.6559,325.0888
2025-04-21 00:20:18,2954,2,25757.965,224.835,25777.613
2025-04-21 00:20:18,2954,3,0.0,0.0,0.0
2025-04-21 00:20:18,2954,7,6578.297,396.15,8459.073
2025-04-21 00:20:18,2956,2,4720.1751,5060.8116,4720.1751
2025-04-21 00:20:18,2956,3,16185.3765,0.0,36981.783
2025-04-21 00:20:18,2956,7,-610.8291,1326.7001,-680.4547
2025-04-21 00:20:18,2956,10,-18323.8999,0.0,24384.748
2025-04-21 00:20:18,2957,2,65275.0203,152.8932,65274.5489
2025-04-21 00:20:18,2957,3,44078.4048,119.5355,54495.9375
2025-04-21 00:20:18,2958,2,594.3492,594.3498,594.3492
2025-04-21 00:20:18,2958,3,368.9992,445.6052,464.1273
2025-04-21 00:20:18,2958,7,115573.281,0.0,132402.4572
2025-04-21 00:20:18,2958,10,36349.7072,0.0,36618.7072
2025-04-21 00:20:18,2959,3,0.0,0.0,0.0
2025-04-21 00:20:18,2959,7,511.4895,263.7331,2822.4866
2025-04-21 00:20:18,2960,2,13073.8991,462.0,12991.0706
2025-04-21 00:20:18,2960,3,1749.3968,1245.1895,2019.8514
2025-04-21 00:20:18,2969,3,41276.2174,43485.623,44017.6685
2025-04-21 00:20:18,2971,3,0.0,0.0,0.0
2025-04-21 00:20:18,2971,7,25256.813,4046.104,49273.723
2025-04-21 00:20:18,2972,2,350358.0318,34986.4755,350358.0318
2025-04-21 00:20:18,2972,3,0.0,0.0,0.0
2025-04-21 00:20:18,2972,7,917.0696,1387.2166,917.2808
2025-04-21 00:20:18,2972,10,-443.546,0.0,-444.546
2025-04-21 00:20:18,2973,2,-29349.3616,1699.1346,-2658.4018
2025-04-21 00:20:18,2973,3,0.0,0.0,0.0
2025-04-21 00:20:18,2973,7,-13708.9903,14317.3923,1974.0097
2025-04-21 00:20:18,2973,10,0.0,0.0,0.0
2025-04-21 00:20:18,2974,2,4671.7456,1457.3467,3165.5489
2025-04-21 00:20:18,2974,3,3731.1264,0.0,8402.7003
2025-04-21 00:20:18,2974,7,17072.5707,16404.7886,17072.5707
2025-04-21 00:20:18,2977,2,20831.4893,572.6157,21292.7028
2025-04-21 00:20:18,2977,3,6575.9075,860.7224,7353.5207
2025-04-21 00:20:18,2977,7,0.0,0.0,0.0
2025-04-21 00:20:18,2978,2,15000.0,0.0,15000.0
2025-04-21 00:20:18,2978,3,0.0,0.0,0.0
2025-04-21 00:20:18,2978,7,594.388,3068.118,3396.319
2025-04-21 00:20:18,2978,10,23738.868,25650.476,27637.144
2025-04-21 00:20:18,2979,2,-8951.8074,5128.43,-7704.8548
2025-04-21 00:20:18,2979,3,-14946.9297,27413.51,104507.0249
2025-04-21 00:20:18,2980,2,19632.1788,47928.16,8542.6701
2025-04-21 00:20:18,2980,3,45656.2946,40543.59,39752.2872
2025-04-21 00:20:18,2981,2,-30136.8434,22628.43,-8458.6714
2025-04-21 00:20:18,2981,3,-12599.1763,9201.74,-4080.8586
2025-04-21 00:20:18,2982,2,-265.349,2051.6825,1758.0256
2025-04-21 00:20:18,2982,3,5412.3438,1144.2705,1395.0189
2025-04-21 00:20:18,2982,7,0.0,0.0,0.0
2025-04-21 00:20:18,2983,2,-121.6452,0.0,-121.6452
2025-04-21 00:20:18,2983,10,19574.6963,5290.5509,10645.3308
2025-04-21 00:20:18,2985,2,62511.2598,9459.9128,126538.7678
2025-04-21 00:20:18,2985,10,0.0,0.0,0.0
2025-04-21 00:20:18,2986,2,0.0,5358.0,188.0
2025-04-21 00:20:18,2986,3,0.0,21539.0,47.0
2025-04-21 00:20:18,2987,3,542058.1172,366418.5214,538844.1119
2025-04-21 00:20:18,2988,2,5812.162,5840.31,5812.162
2025-04-21 00:20:18,2988,3,0.0,0.0,0.0
2025-04-21 00:20:18,2988,7,3990.499,3924.731,3982.375
2025-04-21 00:20:18,2988,10,60035.041,0.0,60034.595
2025-04-21 00:20:18,2989,3,0.0,0.0,0.0
2025-04-21 00:20:18,2989,7,-2230.447,8570.16,-2210.69
2025-04-21 00:20:18,2991,3,0.0,0.0,0.0
2025-04-21 00:20:18,2991,7,-7469.375,17585.01,-7456.45
2025-04-21 00:20:18,2993,2,1497.5801,1192.703,1497.5801
2025-04-21 00:20:18,2993,10,1044.3323,0.0,3680.5667
2025-04-21 00:20:18,2993,11,8074.5211,8863.8898,8074.5211
2025-04-21 00:20:18,2994,3,0.0,0.0,0.0
2025-04-21 00:20:18,2994,7,12754.948,38885.979,12754.948
2025-04-21 00:20:18,2996,2,1161.017,1161.017,1161.017
2025-04-21 00:20:18,2996,3,0.0,0.0,0.0
2025-04-21 00:20:18,2996,7,307.587,3989.373,4399.954
2025-04-21 00:20:18,2996,10,190262.043,0.0,209750.902
2025-04-21 00:20:18,2998,2,12250.2581,61709.1346,35512.2146
2025-04-21 00:20:18,2998,10,0.0,0.0,0.0
2025-04-21 00:20:18,3002,2,1455.43,1487.01,2310.66
2025-04-21 00:20:18,3005,2,-4150.811,191.744,9404.291
2025-04-21 00:20:18,3005,3,0.0,0.0,0.0
2025-04-21 00:20:18,3005,7,27750.882,348.475,36209.121
2025-04-21 00:20:18,3007,2,-11045.1207,773.1246,34883.1856
2025-04-21 00:20:18,3009,2,1987.9738,345.3532,1988.1243
2025-04-21 00:20:18,3009,3,0.0,0.0,0.0
2025-04-21 00:20:18,3009,7,22764.5591,6129.8693,31948.601
2025-04-21 00:20:18,3009,10,0.0,0.0,0.0
2025-04-21 00:20:18,3010,2,2789.1417,2789.142,2789.1417
2025-04-21 00:20:18,3010,3,0.0,0.0121,0.0
2025-04-21 00:20:18,3010,7,4804.641,7275.4856,9280.7134
2025-04-21 00:20:18,3010,10,286.6088,0.0102,-0.0552
2025-04-21 00:20:18,3011,3,0.0,0.0,0.0
2025-04-21 00:20:18,3011,7,497514.953,1719.461,731835.74
2025-04-21 00:20:18,3012,2,101643.999,2020.679,99179.927
2025-04-21 00:20:18,3012,3,0.0,0.0,0.0
2025-04-21 00:20:18,3012,7,52096.951,601.941,47382.279
2025-04-21 00:20:18,3013,2,7342.85,2056.21,7342.85
2025-04-21 00:20:18,3013,3,0.0,0.0,0.0
2025-04-21 00:20:18,3013,7,19840.934,7100.068,23240.47
2025-04-21 00:20:18,3013,10,28220.346,0.0,5818.27
2025-04-21 00:20:18,3015,2,-7385.4173,306.0,-14820.2673
2025-04-21 00:20:18,3015,3,0.0,0.0,0.0
2025-04-21 00:20:18,3015,7,-15727.5277,606.0,-20944.0925
2025-04-21 00:20:18,3017,2,-33465.6847,800.0,-33226.3621
2025-04-21 00:20:18,3017,3,-64344.6266,7187.2648,-82837.9864
2025-04-21 00:20:18,3020,2,7335.5082,630.3409,27135.7854
2025-04-21 00:20:18,3020,3,47118.2029,39606.8655,60799.9434
2025-04-21 00:20:18,3020,7,0.0,0.0,0.0
2025-04-21 00:20:18,3020,10,0.0,0.0,0.0
2025-04-21 00:20:18,3022,2,3878.0553,1732.6008,3877.7434
2025-04-21 00:20:18,3022,3,0.0,0.0,0.0
2025-04-21 00:20:18,3022,7,4719.9556,3815.4946,4719.511
2025-04-21 00:20:18,3022,10,0.0,0.0,0.0
2025-04-21 00:20:18,3023,2,683.0,458.2823,683.0
2025-04-21 00:20:18,3023,3,0.0,0.0,0.0
2025-04-21 00:20:18,3023,7,3681.0,903.3317,3681.0
2025-04-21 00:20:18,3024,3,0.0,0.0,0.0
2025-04-21 00:20:18,3024,7,7546.446,8850.473,7342.278
2025-04-21 00:20:18,3026,3,0.0,0.0,0.0
2025-04-21 00:20:18,3026,7,-15180.8907,14289.5555,14158.1006
2025-04-21 00:20:18,3032,2,2517.715,32.567,5610.345
2025-04-21 00:20:18,3032,3,0.0,0.0,0.0
2025-04-21 00:20:18,3032,7,-12296.124,471.936,4207.828
2025-04-21 00:20:18,3034,2,7832.274,415.0,7840.1126
2025-04-21 00:20:18,3034,3,0.0,0.0,30.968
2025-04-21 00:20:18,3034,7,30521.8559,194.8762,30518.2084
2025-04-21 00:20:18,3039,3,174.4769,30.4627,67.7687
2025-04-21 00:20:18,3039,7,0.0,0.0,0.0
2025-04-21 00:20:18,3043,2,-208.2108,1175.9438,3278.0658
2025-04-21 00:20:18,3043,3,0.0,0.0014,0.0
2025-04-21 00:20:18,3043,7,-149.6555,260.0,1281.5244
2025-04-21 00:20:18,3044,3,0.0,0.0,0.0
2025-04-21 00:20:18,3044,7,31832.877,114.3984,41351.5251
2025-04-21 00:20:18,3050,3,0.0,0.0,0.0
2025-04-21 00:20:18,3050,7,58764.1953,186.7646,64247.8542
2025-04-21 00:20:18,3053,11,-7824.2394,2867.0503,2867.9447
2025-04-21 00:20:18,3055,2,12808.477,2755.749,12883.433
2025-04-21 00:20:18,3055,3,0.0,0.0,0.0
2025-04-21 00:20:18,3055,7,43289.946,14.011,44242.274
2025-04-21 00:20:18,3060,2,713.8632,3281.5844,631.6021
2025-04-21 00:20:18,3060,10,0.0,0.0,0.0
2025-04-21 00:20:18,3062,2,-27541.4018,816.5806,-37030.0299
2025-04-21 00:20:18,3063,3,0.0,0.0,0.0
2025-04-21 00:20:18,3063,7,21600.571,431.25,21640.646
2025-04-21 00:20:18,3064,3,0.0,0.0,0.0
2025-04-21 00:20:18,3064,7,20312.372,5512.176,35357.605
2025-04-21 00:20:18,3066,3,0.0,0.0,0.0
2025-04-21 00:20:18,3066,7,14153.764,780.021,14228.713
2025-04-21 00:20:18,3068,2,0.0,10100.0,0.0
2025-04-21 00:20:18,3068,10,-27352.6817,-1367.8256,-23020.89
2025-04-21 00:20:18,3069,2,18354.6703,18193.3799,18354.6703
2025-04-21 00:20:18,3069,10,1718.3598,0.0,1718.3598
2025-04-21 00:20:18,3073,2,19370.9301,10200.1967,21148.2571
2025-04-21 00:20:18,3073,3,0.0,0.0,0.0
2025-04-21 00:20:18,3073,7,-2473.2792,5378.1608,3811.0698
2025-04-21 00:20:18,3074,3,0.0,0.0,0.0
2025-04-21 00:20:18,3074,7,2647.021,2464.675,2647.021
2025-04-21 00:20:18,3078,2,655200.6336,973.63,653125.5948
2025-04-21 00:20:18,3078,3,1768.0133,14221.14,-14551.3176
2025-04-21 00:20:18,3079,2,89219.517,19219.284,89219.517
2025-04-21 00:20:18,3079,3,0.0,0.0,0.0
2025-04-21 00:20:18,3079,7,6262.465,7872.131,8995.356
2025-04-21 00:20:18,3079,10,39568.579,0.0,57963.675
2025-04-21 00:20:18,3079,11,7819.676,12033.016,12052.392
2025-04-21 00:20:18,3080,3,2016.7163,0.0,1898.2563
2025-04-21 00:20:18,3080,7,-6675.9742,18198.398,15011.2375
2025-04-21 00:20:18,3081,2,30844.121,1945.238,32738.392
2025-04-21 00:20:18,3081,3,0.0,0.0,0.0
2025-04-21 00:20:18,3081,7,28260.518,630.014,28260.786
2025-04-21 00:20:18,3083,3,-605.0629,0.0,-605.0629
2025-04-21 00:20:18,3083,7,16831.2138,558.558,25960.9485
2025-04-21 00:20:18,3086,8,370.9095,681.56,350.9095
2025-04-21 00:20:18,3086,9,0.0,0.0,0.0
2025-04-21 00:20:18,3086,11,-7948.2487,8340.1998,-6265.0051
2025-04-21 00:20:18,3089,2,-3779.4486,0.0,-3779.4486
2025-04-21 00:20:18,3089,3,-1101.367,0.0,-1126.367
2025-04-21 00:20:18,3089,7,10388.8653,11596.124,10368.8653
2025-04-21 00:20:18,3089,10,-44784.7159,4169.6534,-44784.7159
2025-04-21 00:20:18,3090,2,-5181.564,624.741,7341.806
2025-04-21 00:20:18,3090,3,0.0,0.0,0.0
2025-04-21 00:20:18,3090,7,-13689.132,843.651,-4294.041
2025-04-21 00:20:18,3091,2,28472.1874,3100.0,32392.7573
2025-04-21 00:20:18,3091,3,10000.0,0.0,22000.0
2025-04-21 00:20:18,3091,7,54556.1285,6194.1596,56595.7346
2025-04-21 00:20:18,3092,2,-111327.3651,-3047.0939,-63171.3651
2025-04-21 00:20:18,3092,3,-14109.1295,0.0,-47559.9503
2025-04-21 00:20:18,3092,7,-683460.5362,2300.0,-617631.6332
2025-04-21 00:20:18,3092,10,-682065.4061,5200.0,-748379.2662
2025-04-21 00:20:18,3095,2,8041.09,604.17,26417.022
2025-04-21 00:20:18,3095,3,0.0,0.0,0.0
2025-04-21 00:20:18,3095,7,23916.708,255.41,25929.291
2025-04-21 00:20:18,3098,2,-1081.265,8000.0,366.669
2025-04-21 00:20:18,3098,3,0.0,0.0,0.0
2025-04-21 00:20:18,3098,7,12378.208,760.002,13607.173
2025-04-21 00:20:18,3099,2,26823.575,6286.981,26823.575
2025-04-21 00:20:18,3099,10,36716.572,0.0,29924.963
2025-04-21 00:20:18,3101,2,-2465.28,774.0,-18236.95
2025-04-21 00:20:18,3101,10,0.0,0.0,0.0
2025-04-21 00:20:18,3102,3,2.0,2.176,2.0
2025-04-21 00:20:18,3102,7,1156.39,1.536,-5794.149
2025-04-21 00:20:18,3111,2,12335.4977,2909.0,1614.2597
2025-04-21 00:20:18,3111,3,-11375.746,9589.0,-3967.0844
2025-04-21 00:20:18,3114,2,7679.54,6421.75,7679.54
2025-04-21 00:20:18,3114,3,11097.78,9399.28,11097.78
2025-04-21 00:20:18,3115,2,47123.888,15.678,49934.931
2025-04-21 00:20:18,3117,2,8.0,449.0,32.0
2025-04-21 00:20:18,3117,3,9.0,9.751,42.0
2025-04-21 00:20:18,3117,7,0.0,0.0,0.0
2025-04-21 00:20:18,3119,2,3045.6212,2971.3934,3023.0096
2025-04-21 00:20:18,3119,3,978.2311,2181.0215,1451.9808
2025-04-21 00:20:18,3121,2,69000.0,71170.0,69604.0
2025-04-21 00:20:18,3123,2,-168438.438,0.0,-168438.438
2025-04-21 00:20:18,3123,3,18075.7267,0.0,209053.5467
2025-04-21 00:20:18,3123,7,-165602.1179,100.0,28374.5628
2025-04-21 00:20:18,3123,10,-320734.3392,8500.0,305306.7432
2025-04-21 00:20:18,3124,3,36000.0,0.0,36000.0
2025-04-21 00:20:18,3124,7,22759.765,1224.0,12272.17
2025-04-21 00:20:18,3125,2,-333913.7797,4133.916,-283471.7797
2025-04-21 00:20:18,3126,2,17173.8214,17179.1978,17173.8214
2025-04-21 00:20:18,3132,3,0.0,0.0,0.0
2025-04-21 00:20:18,3132,7,-724.6179,2969.9422,3287.1946
2025-04-21 00:20:18,3133,2,4310.5021,3486.4146,4984.9653
2025-04-21 00:20:18,3133,3,0.0,0.0,0.0
2025-04-21 00:20:18,3133,7,-4734.2934,353.0,920.4418
2025-04-21 00:20:18,3134,3,0.0,0.0,0.0
2025-04-21 00:20:18,3134,7,4631.74,310.752,1721.517
2025-04-21 00:20:18,3135,2,129079.1874,1024.05,147633.5124
2025-04-21 00:20:18,3135,3,0.0,0.0,0.0
2025-04-21 00:20:18,3135,7,55130.759,324.68,57170.854
2025-04-21 00:20:18,3138,2,1633.702,50000.0,1633.702
2025-04-21 00:20:18,3138,3,0.0,0.0,0.0
2025-04-21 00:20:18,3138,7,13055.24,31516.68,2029.081
2025-04-21 00:20:18,3138,10,22773.4,0.0,2960.065
2025-04-21 00:20:18,3140,3,0.0,0.0,0.0
2025-04-21 00:20:18,3140,7,2585.6155,604.2299,5269.0137
2025-04-21 00:20:18,3141,3,0.0,0.0,0.0
2025-04-21 00:20:18,3141,7,-8520.7533,1021.2623,-2046.7241
2025-04-21 00:20:18,3142,3,0.0,0.0,0.0
2025-04-21 00:20:18,3142,7,7932.4565,8734.4034,9630.271
2025-04-21 00:20:18,3145,3,20000.0,0.0,20000.0
2025-04-21 00:20:18,3145,7,38959.079,14451.135,38958.079
2025-04-21 00:20:18,3146,3,-22895.5113,0.0,-17730.722
2025-04-21 00:20:18,3146,7,-323812.2551,4705.96,-318455.2551
2025-04-21 00:20:18,3149,2,10760.1278,2767.7255,12671.2468
2025-04-21 00:20:18,3149,3,13000.0,0.0,13000.0
2025-04-21 00:20:18,3149,7,2475.5986,3579.126,4703.4476
2025-04-21 00:20:18,3151,3,0.0,0.0,0.0
2025-04-21 00:20:18,3151,7,62558.0639,1528.0873,62558.0639
2025-04-21 00:20:18,3155,2,4927.9961,4055.7634,3158.1068
2025-04-21 00:20:18,3155,3,11719.2067,6306.0365,7316.4092
2025-04-21 00:20:18,3155,7,0.0,0.0,0.0
2025-04-21 00:20:18,3158,2,-989.1521,1848.613,273.0579
2025-04-21 00:20:18,3158,3,0.0,0.0,0.0
2025-04-21 00:20:18,3158,7,5585.9854,6576.4626,5585.9854
2025-04-21 00:20:18,3160,2,-51322.26,0.0,-51322.26
2025-04-21 00:20:18,3160,10,31877.38,1031.96,31831.03
2025-04-21 00:20:18,3161,2,-34378.7248,1142.3547,-44353.4399
2025-04-21 00:20:18,3161,3,-49871.781,2910.648,-47338.3798
2025-04-21 00:20:18,3161,7,0.0,0.0,0.0
2025-04-21 00:20:18,3161,10,0.0,0.0,0.0
2025-04-21 00:20:18,3162,7,18403.901,17560.3596,20661.963
2025-04-21 00:20:18,3162,10,29221.46,1555.104,30500.133
2025-04-21 00:20:18,3164,3,110019.446,2237.8504,116574.4575
2025-04-21 00:20:18,3166,2,20.219,20219.0,20219.0
2025-04-21 00:20:18,3166,3,0.0,0.0,0.0
2025-04-21 00:20:18,3166,7,11.136,5160.0,39.0
2025-04-21 00:20:18,3169,2,-1126.1118,3007.4513,3256.6369
2025-04-21 00:20:18,3169,3,41443.6728,14366.9472,55203.9308
2025-04-21 00:20:18,3169,7,0.0,0.0,0.0
2025-04-21 00:20:18,3169,10,0.0,0.0,0.0
2025-04-21 00:20:18,3170,2,-851.0743,1143.1295,526.5404
2025-04-21 00:20:18,3171,2,14666.215,12491.39,14424.833
2025-04-21 00:20:18,3171,3,0.0,0.0,0.0
2025-04-21 00:20:18,3171,7,-493.532,33.904,831.49
2025-04-21 00:20:18,3181,2,0.0,0.0,0.0
2025-04-21 00:20:18,3181,3,0.0,22200.0,0.0
2025-04-21 00:20:18,3181,7,-50080.1482,0.0,-52635.1482
2025-04-21 00:20:18,3181,10,-49269.3553,23957.449,-48390.1941
2025-04-21 00:20:18,3182,2,0.0,0.0,0.0
2025-04-21 00:20:18,3182,3,0.0,0.0,46000.0
2025-04-21 00:20:18,3182,7,453233.8085,12854.5,446781.2689
2025-04-21 00:20:18,3182,10,649154.8571,12177.02,662543.5965
2025-04-21 00:20:18,3184,2,5.039,23029.0,188.0
2025-04-21 00:20:18,3184,3,0.0,0.0,10.0
2025-04-21 00:20:18,3184,7,11.04,11913.0,75827.0
2025-04-21 00:20:18,3185,2,12596.469,24173.9599,18138.423
2025-04-21 00:20:18,3185,3,0.0,0.0,28.0
2025-04-21 00:20:18,3185,7,11681.422,5856.7217,14383.8742
2025-04-21 00:20:18,3186,7,-2428.023,1422.64,2054.24
2025-04-21 00:20:18,3191,3,0.0,0.0,0.0
2025-04-21 00:20:18,3191,7,1308.7658,2535.0631,1308.7658
2025-04-21 00:20:18,3192,7,-9526.145,339.212,1545.383
2025-04-21 00:20:18,3192,8,548.0,548.309,548.0
2025-04-21 00:20:18,3199,3,0.0,0.0,0.0
2025-04-21 00:20:18,3199,7,5208.025,7590.311,7333.365
2025-04-21 00:20:18,3200,3,380000.0,0.0,368085.32
2025-04-21 00:20:18,3200,7,-54401.14,31.64,-54362.54
2025-04-21 00:20:18,3202,2,-954.55,16592.46,-44166.72
2025-04-21 00:20:18,3202,3,0.0,0.0,0.0
2025-04-21 00:20:18,3202,7,-24820.79,13259.42,-4272.8
2025-04-21 00:20:18,3203,11,8392.18,8392.18,8392.18
2025-04-21 00:20:18,3204,2,31453.31,31453.31,31453.31
2025-04-21 00:20:18,3204,7,-2704.61,1455.19,-2560.48
2025-04-21 00:20:18,3204,10,-4682.98,0.0,-424.56
2025-04-21 00:20:18,3204,11,1997.243,8640.67,8488.21
2025-04-21 00:20:18,3206,8,0.0,4213.7,0.0
2025-04-21 00:20:18,3207,2,20039.012,88.102,20039.012
2025-04-21 00:20:18,3207,3,20000.0,0.0,20000.0
2025-04-21 00:20:18,3207,7,42926.1957,26082.5166,42926.4064
2025-04-21 00:20:18,3207,10,-11276.9713,0.0,-8936.2184
2025-04-21 00:20:18,3212,2,20.686,25100.146,21723.0
2025-04-21 00:20:18,3212,3,0.0,0.0,0.0
2025-04-21 00:20:18,3212,7,666.0,11012.6668,382.0
2025-04-21 00:20:18,3213,2,3924.8658,4324.4066,5636.2309
2025-04-21 00:20:18,3213,3,0.0,0.0,0.0
2025-04-21 00:20:18,3213,7,7984.5969,6401.5152,7983.4552
2025-04-21 00:20:18,3213,8,-2279.288,72.7426,142.9669
2025-04-21 00:20:18,3216,2,4.812,4812.0,0.0
2025-04-21 00:20:18,3216,3,0.0,0.0,0.0
2025-04-21 00:20:18,3216,7,9.408,9408.0,0.0
2025-04-21 00:20:18,3218,2,0.0,0.0,0.0
2025-04-21 00:20:18,3218,3,-4.3663,0.0,434.6337
2025-04-21 00:20:18,3218,7,-147835.9077,3000.83,-173902.1931
2025-04-21 00:20:18,3218,10,-263988.8639,7921.43,-291241.5011
2025-04-21 00:20:18,3220,2,-25273.1527,200.0,-25273.1527
2025-04-21 00:20:18,3220,10,17007.0222,0.0,17007.0222
2025-04-21 00:20:18,3224,2,317.0,317.0,1962.0
2025-04-21 00:20:18,3224,3,201.0,201.0,84.0
2025-04-21 00:20:18,3225,2,42420.3301,27622.2525,43295.3813
2025-04-21 00:20:18,3225,3,20385.3122,40001.6676,-3421.9878
2025-04-21 00:20:18,3227,3,0.0,0.0,0.0
2025-04-21 00:20:18,3227,7,-13290.297,375.803,-4855.198
2025-04-21 00:20:18,3232,2,139716.9524,6029.1679,137993.0048
2025-04-21 00:20:18,3232,3,21836.033,14606.543,25971.0685
2025-04-21 00:20:18,3233,3,44000.0,0.0,44000.0
2025-04-21 00:20:18,3233,7,10347.8825,7463.0373,10001.8825
2025-04-21 00:20:18,3234,3,0.0,0.0,0.0
2025-04-21 00:20:18,3234,7,6778.1942,256.7304,8390.5124
2025-04-21 00:20:18,3236,2,-1881.3159,149.903,12313.2723
2025-04-21 00:20:18,3236,3,0.0,0.0,12706.0
2025-04-21 00:20:18,3236,7,-19736.8131,451.6932,-20385.1523
2025-04-21 00:20:18,3237,3,0.0,0.0,0.0
2025-04-21 00:20:18,3237,7,6654.745,213.192,8156.096
2025-04-21 00:20:18,3237,8,220.0,219.793,219.0
2025-04-21 00:20:18,3241,2,23500.0,23500.0,23500.0
2025-04-21 00:20:18,3241,3,0.0,0.0,0.0
2025-04-21 00:20:18,3241,7,23806.212,42.7091,23806.212
2025-04-21 00:20:18,3241,10,47994.1393,-79.9786,47994.1393
2025-04-21 00:20:18,3242,2,0.191,0.191,0.191
2025-04-21 00:20:18,3242,3,0.0,0.0,0.0
2025-04-21 00:20:18,3242,7,27854.325,11936.615,27854.325
2025-04-21 00:20:18,3242,10,21317.422,0.192,21047.978
2025-04-21 00:20:18,3243,2,92876.7672,88495.8154,92876.7672
2025-04-21 00:20:18,3243,3,0.0,0.0,0.0
2025-04-21 00:20:18,3243,7,33915.1878,29041.6274,33915.1878
2025-04-21 00:20:18,3243,10,0.0,0.0,0.0
2025-04-21 00:20:18,3244,2,7474.1751,4492.1292,7474.1751
2025-04-21 00:20:18,3244,7,12336.8,13314.9759,12490.8802
2025-04-21 00:20:18,3244,10,28416.0352,0.0,57099.5083
2025-04-21 00:20:18,3251,7,1574.9834,5.1217,1574.2845
2025-04-21 00:20:18,3252,2,1066.3917,166.6313,1066.3917
2025-04-21 00:20:18,3252,10,3017.9062,0.0,3017.9062
2025-04-21 00:20:18,3252,11,-8925.9423,14128.208,15050.0577
2025-04-21 00:20:18,4016,2,18359.0218,18357.1557,18359.0218
2025-04-21 00:20:18,4016,3,179.9143,0.0,179.9143
2025-04-21 00:20:18,4016,7,7522.0201,18740.6245,20714.8449
2025-04-21 00:20:18,4016,10,1036.6064,0.0,1036.6064
2025-04-21 00:20:18,4018,2,0.0,0.0,0.0
2025-04-21 00:20:18,4018,10,18968.9482,14807.2208,18186.6554
2025-04-21 00:20:18,4023,2,889.6748,427.4232,1135.6748
2025-04-21 00:20:18,4023,3,0.0,0.0,0.0
2025-04-21 00:20:18,4023,7,10631.272,9910.848,10631.272
2025-04-21 00:20:18,4024,3,0.0,0.0,0.0
2025-04-21 00:20:18,4024,7,117684.07,171.209,117684.07
2025-04-21 00:20:18,4026,2,2971.5034,1567.1859,3322.5034
2025-04-21 00:20:18,4026,3,0.0,0.0,0.0
2025-04-21 00:20:18,4026,7,-13256.8072,2977.4264,-10574.4922
2025-04-21 00:20:18,4027,2,7503.439,7226.1837,7503.439
2025-04-21 00:20:18,4027,3,-20410.6506,0.0,-20410.6506
2025-04-21 00:20:18,4027,7,3131.3507,13.5384,3131.3507
2025-04-21 00:20:18,4027,10,1410.5494,0.0,1410.5494
2025-04-21 00:20:18,4029,2,2725.4495,780.946,2724.7161
2025-04-21 00:20:18,4029,3,0.0,0.0,0.0
2025-04-21 00:20:18,4029,7,1409.5833,294.6561,1615.2077
